timeframe,player_id,x,y,team_id,vx,vy
0,1,36.471,3.662,1,-5.51,1.431
1,1,36.288,3.71,1,-5.51,1.431
2,1,36.104,3.757,1,-5.51,1.431
3,1,35.92,3.805,1,-5.51,1.431
4,1,35.737,3.853,1,-5.51,1.431
5,1,35.553,3.901,1,-5.51,1.431
6,1,35.369,3.948,1,-5.51,1.431
7,1,35.186,3.996,1,-5.51,1.431
8,1,35.002,4.044,1,-5.51,1.431
9,1,34.818,4.091,1,-5.51,1.431
10,1,34.635,4.139,1,-5.51,1.431
11,1,34.451,4.187,1,-5.51,1.431
12,1,34.267,4.235,1,-5.51,1.431
13,1,34.084,4.282,1,-5.51,1.431
14,1,33.9,4.33,1,-5.51,1.431
15,1,33.716,4.378,1,-5.51,1.431
16,1,33.533,4.425,1,-5.51,1.431
17,1,33.349,4.473,1,-5.51,1.431
18,1,33.165,4.521,1,-5.51,1.431
19,1,32.982,4.568,1,-5.51,1.431
20,1,32.798,4.616,1,-5.51,1.431
21,1,32.614,4.664,1,-5.51,1.431
22,1,32.431,4.712,1,-5.51,1.431
23,1,32.247,4.759,1,-5.51,1.431
24,1,32.063,4.807,1,-5.51,1.431
25,1,31.879,4.832,1,-5.534,0.763
26,1,31.695,4.858,1,-5.534,0.763
27,1,31.51,4.883,1,-5.534,0.763
28,1,31.326,4.909,1,-5.534,0.763
29,1,31.141,4.934,1,-5.534,0.763
30,1,30.957,4.96,1,-5.534,0.763
31,1,30.772,4.985,1,-5.534,0.763
32,1,30.588,5.01,1,-5.534,0.763
33,1,30.403,5.036,1,-5.534,0.763
34,1,30.219,5.061,1,-5.534,0.763
35,1,30.034,5.087,1,-5.534,0.763
36,1,29.85,5.112,1,-5.534,0.763
37,1,29.666,5.138,1,-5.534,0.763
38,1,29.481,5.163,1,-5.534,0.763
39,1,29.297,5.189,1,-5.534,0.763
40,1,29.112,5.214,1,-5.534,0.763
41,1,28.928,5.239,1,-5.534,0.763
42,1,28.743,5.265,1,-5.534,0.763
43,1,28.559,5.29,1,-5.534,0.763
44,1,28.374,5.316,1,-5.534,0.763
45,1,28.19,5.341,1,-5.534,0.763
46,1,28.006,5.367,1,-5.534,0.763
47,1,27.821,5.392,1,-5.534,0.763
48,1,27.637,5.418,1,-5.534,0.763
49,1,27.452,5.443,1,-5.534,0.763
50,1,27.268,5.468,1,-5.534,0.763
51,1,27.083,5.494,1,-5.534,0.763
52,1,26.901,5.519,1,-5.47,0.763
53,1,26.719,5.545,1,-5.47,0.763
54,1,26.536,5.57,1,-5.47,0.763
55,1,26.354,5.596,1,-5.47,0.763
56,1,26.172,5.621,1,-5.47,0.763
57,1,25.989,5.647,1,-5.47,0.763
58,1,25.807,5.672,1,-5.47,0.763
59,1,25.625,5.697,1,-5.47,0.763
60,1,25.442,5.723,1,-5.47,0.763
61,1,25.26,5.748,1,-5.47,0.763
62,1,25.078,5.774,1,-5.47,0.763
63,1,24.895,5.799,1,-5.47,0.763
64,1,24.713,5.825,1,-5.47,0.763
65,1,24.531,5.85,1,-5.47,0.763
66,1,24.348,5.875,1,-5.47,0.763
67,1,24.166,5.901,1,-5.47,0.763
68,1,23.984,5.926,1,-5.47,0.763
69,1,23.801,5.952,1,-5.47,0.763
70,1,23.619,5.977,1,-5.47,0.763
71,1,23.437,6.003,1,-5.47,0.763
72,1,23.254,6.028,1,-5.47,0.763
73,1,23.072,6.054,1,-5.47,0.763
74,1,22.89,6.079,1,-5.47,0.763
75,1,22.707,6.104,1,-5.47,0.763
76,1,22.525,6.13,1,-5.47,0.763
77,1,22.343,6.155,1,-5.47,0.763
78,1,22.16,6.181,1,-5.47,0.763
79,1,21.973,6.217,1,-5.62,1.093
80,1,21.786,6.254,1,-5.62,1.093
81,1,21.598,6.29,1,-5.62,1.093
82,1,21.411,6.327,1,-5.62,1.093
83,1,21.224,6.363,1,-5.62,1.093
84,1,21.036,6.399,1,-5.62,1.093
85,1,20.849,6.436,1,-5.62,1.093
86,1,20.662,6.472,1,-5.62,1.093
87,1,20.474,6.509,1,-5.62,1.093
88,1,20.287,6.545,1,-5.62,1.093
89,1,20.1,6.581,1,-5.62,1.093
90,1,19.912,6.618,1,-5.62,1.093
91,1,19.725,6.654,1,-5.62,1.093
92,1,19.538,6.691,1,-5.62,1.093
93,1,19.35,6.727,1,-5.62,1.093
94,1,19.163,6.764,1,-5.62,1.093
95,1,18.976,6.8,1,-5.62,1.093
96,1,18.788,6.836,1,-5.62,1.093
97,1,18.601,6.873,1,-5.62,1.093
98,1,18.414,6.909,1,-5.62,1.093
99,1,18.226,6.946,1,-5.62,1.093
100,1,18.039,6.982,1,-5.62,1.093
101,1,17.878,7.086,1,-4.83,3.113
102,1,17.717,7.19,1,-4.83,3.113
103,1,17.556,7.293,1,-4.83,3.113
104,1,17.395,7.397,1,-4.83,3.113
105,1,17.234,7.501,1,-4.83,3.113
106,1,17.073,7.605,1,-4.83,3.113
107,1,16.912,7.708,1,-4.83,3.113
108,1,16.751,7.812,1,-4.83,3.113
109,1,16.59,7.916,1,-4.83,3.113
110,1,16.429,8.02,1,-4.83,3.113
111,1,16.268,8.123,1,-4.83,3.113
112,1,16.107,8.227,1,-4.83,3.113
113,1,15.946,8.331,1,-4.83,3.113
114,1,15.785,8.435,1,-4.83,3.113
115,1,15.624,8.539,1,-4.83,3.113
116,1,15.463,8.642,1,-4.83,3.113
117,1,15.406,8.829,1,-1.717,5.61
118,1,15.348,9.016,1,-1.717,5.61
119,1,15.291,9.203,1,-1.717,5.61
120,1,15.234,9.39,1,-1.717,5.61
121,1,15.177,9.577,1,-1.717,5.61
122,1,15.119,9.764,1,-1.717,5.61
123,1,15.062,9.951,1,-1.717,5.61
124,1,15.005,10.138,1,-1.717,5.61
125,1,14.948,10.325,1,-1.717,5.61
126,1,14.89,10.512,1,-1.717,5.61
127,1,14.833,10.699,1,-1.717,5.61
128,1,14.776,10.886,1,-1.717,5.61
129,1,14.719,11.073,1,-1.717,5.61
130,1,14.661,11.26,1,-1.717,5.61
131,1,14.604,11.447,1,-1.717,5.61
132,1,14.617,11.632,1,0.382,5.534
133,1,14.63,11.816,1,0.382,5.534
134,1,14.642,12.001,1,0.382,5.534
135,1,14.655,12.185,1,0.382,5.534
136,1,14.668,12.369,1,0.382,5.534
137,1,14.681,12.554,1,0.382,5.534
138,1,14.693,12.738,1,0.382,5.534
139,1,14.706,12.923,1,0.382,5.534
140,1,14.719,13.107,1,0.382,5.534
141,1,14.731,13.292,1,0.382,5.534
142,1,14.744,13.476,1,0.382,5.534
143,1,14.757,13.661,1,0.382,5.534
144,1,14.77,13.845,1,0.382,5.534
145,1,14.782,14.03,1,0.382,5.534
146,1,14.795,14.214,1,0.382,5.534
147,1,14.808,14.398,1,0.382,5.534
148,1,14.82,14.583,1,0.382,5.534
149,1,14.833,14.767,1,0.382,5.534
150,1,14.862,14.953,1,0.859,5.581
151,1,14.89,15.139,1,0.859,5.581
152,1,14.919,15.325,1,0.859,5.581
153,1,14.948,15.511,1,0.859,5.581
154,1,14.976,15.698,1,0.859,5.581
155,1,15.005,15.884,1,0.859,5.581
156,1,15.034,16.07,1,0.859,5.581
157,1,15.062,16.256,1,0.859,5.581
158,1,15.091,16.442,1,0.859,5.581
159,1,15.119,16.628,1,0.859,5.581
160,1,15.148,16.814,1,0.859,5.581
161,1,15.177,17,1,0.859,5.581
162,1,15.205,17.186,1,0.859,5.581
163,1,15.234,17.372,1,0.859,5.581
164,1,15.263,17.558,1,0.859,5.581
165,1,15.291,17.744,1,0.859,5.581
166,1,15.32,17.93,1,0.859,5.581
167,1,15.348,18.116,1,0.859,5.581
168,1,15.377,18.302,1,0.859,5.581
169,1,15.406,18.488,1,0.859,5.581
170,1,15.535,18.63,1,3.887,4.248
171,1,15.665,18.771,1,3.887,4.248
172,1,15.794,18.913,1,3.887,4.248
173,1,15.924,19.055,1,3.887,4.248
174,1,16.053,19.196,1,3.887,4.248
175,1,16.183,19.338,1,3.887,4.248
176,1,16.312,19.479,1,3.887,4.248
177,1,16.442,19.621,1,3.887,4.248
178,1,16.572,19.763,1,3.887,4.248
179,1,16.701,19.904,1,3.887,4.248
180,1,16.831,20.046,1,3.887,4.248
181,1,16.96,20.187,1,3.887,4.248
182,1,17.09,20.329,1,3.887,4.248
183,1,17.219,20.471,1,3.887,4.248
184,1,17.349,20.612,1,3.887,4.248
185,1,17.478,20.754,1,3.887,4.248
186,1,17.608,20.895,1,3.887,4.248
187,1,17.738,21.037,1,3.887,4.248
188,1,17.867,21.179,1,3.887,4.248
189,1,18.039,21.258,1,5.152,2.385
190,1,18.211,21.338,1,5.152,2.385
191,1,18.382,21.417,1,5.152,2.385
192,1,18.554,21.497,1,5.152,2.385
193,1,18.726,21.576,1,5.152,2.385
194,1,18.897,21.656,1,5.152,2.385
195,1,19.069,21.735,1,5.152,2.385
196,1,19.241,21.815,1,5.152,2.385
197,1,19.413,21.894,1,5.152,2.385
198,1,19.584,21.974,1,5.152,2.385
199,1,19.756,22.053,1,5.152,2.385
200,1,19.928,22.133,1,5.152,2.385
201,1,20.1,22.212,1,5.152,2.385
202,1,20.271,22.292,1,5.152,2.385
203,1,20.443,22.371,1,5.152,2.385
204,1,20.615,22.451,1,5.152,2.385
205,1,20.787,22.53,1,5.152,2.385
206,1,20.958,22.61,1,5.152,2.385
207,1,21.13,22.679,1,5.152,2.079
208,1,21.302,22.748,1,5.152,2.079
209,1,21.473,22.818,1,5.152,2.079
210,1,21.645,22.887,1,5.152,2.079
211,1,21.817,22.956,1,5.152,2.079
212,1,21.989,23.025,1,5.152,2.079
213,1,22.16,23.095,1,5.152,2.079
214,1,22.332,23.164,1,5.152,2.079
215,1,22.504,23.233,1,5.152,2.079
216,1,22.676,23.303,1,5.152,2.079
217,1,22.847,23.372,1,5.152,2.079
218,1,23.019,23.441,1,5.152,2.079
219,1,23.191,23.51,1,5.152,2.079
220,1,23.362,23.58,1,5.152,2.079
221,1,23.534,23.649,1,5.152,2.079
222,1,23.706,23.718,1,5.152,2.079
223,1,23.878,23.788,1,5.152,2.079
224,1,24.049,23.857,1,5.152,2.079
225,1,24.221,23.926,1,5.152,2.079
226,1,24.404,23.975,1,5.479,1.472
227,1,24.586,24.024,1,5.479,1.472
228,1,24.769,24.073,1,5.479,1.472
229,1,24.952,24.123,1,5.479,1.472
230,1,25.134,24.172,1,5.479,1.472
231,1,25.317,24.221,1,5.479,1.472
232,1,25.5,24.27,1,5.479,1.472
233,1,25.682,24.319,1,5.479,1.472
234,1,25.865,24.368,1,5.479,1.472
235,1,26.047,24.417,1,5.479,1.472
236,1,26.23,24.466,1,5.479,1.472
237,1,26.413,24.515,1,5.479,1.472
238,1,26.595,24.564,1,5.479,1.472
239,1,26.778,24.613,1,5.479,1.472
240,1,26.961,24.662,1,5.479,1.472
241,1,27.143,24.711,1,5.479,1.472
242,1,27.326,24.76,1,5.479,1.472
243,1,27.509,24.809,1,5.479,1.472
244,1,27.691,24.858,1,5.479,1.472
245,1,27.874,24.908,1,5.479,1.472
246,1,28.056,24.957,1,5.479,1.472
247,1,28.246,25.014,1,5.68,1.717
248,1,28.435,25.071,1,5.68,1.717
249,1,28.624,25.128,1,5.68,1.717
250,1,28.814,25.186,1,5.68,1.717
251,1,29.003,25.243,1,5.68,1.717
252,1,29.192,25.3,1,5.68,1.717
253,1,29.382,25.357,1,5.68,1.717
254,1,29.571,25.415,1,5.68,1.717
255,1,29.761,25.472,1,5.68,1.717
256,1,29.95,25.529,1,5.68,1.717
257,1,30.139,25.586,1,5.68,1.717
258,1,30.329,25.644,1,5.68,1.717
259,1,30.518,25.701,1,5.68,1.717
260,1,30.69,25.787,1,5.152,2.576
261,1,30.861,25.873,1,5.152,2.576
262,1,31.033,25.958,1,5.152,2.576
263,1,31.205,26.044,1,5.152,2.576
264,1,31.377,26.13,1,5.152,2.576
265,1,31.548,26.216,1,5.152,2.576
266,1,31.72,26.302,1,5.152,2.576
267,1,31.892,26.388,1,5.152,2.576
268,1,32.063,26.474,1,5.152,2.576
269,1,32.235,26.559,1,5.152,2.576
270,1,32.3,26.753,1,1.932,5.796
271,1,32.364,26.946,1,1.932,5.796
272,1,32.428,27.139,1,1.932,5.796
273,1,32.493,27.332,1,1.932,5.796
274,1,32.557,27.525,1,1.932,5.796
275,1,32.622,27.719,1,1.932,5.796
276,1,32.686,27.912,1,1.932,5.796
277,1,32.75,28.105,1,1.932,5.796
278,1,32.759,28.301,1,0.245,5.888
279,1,32.767,28.498,1,0.245,5.888
280,1,32.775,28.694,1,0.245,5.888
281,1,32.783,28.89,1,0.245,5.888
282,1,32.791,29.086,1,0.245,5.888
283,1,32.799,29.283,1,0.245,5.888
284,1,32.808,29.479,1,0.245,5.888
285,1,32.808,29.479,1,0,0
286,1,32.808,29.479,1,0,0
287,1,32.808,29.479,1,0,0
288,1,32.808,29.479,1,0,0
289,1,32.808,29.479,1,0,0
290,1,32.808,29.479,1,0,0
291,1,32.808,29.479,1,0,0
292,1,32.808,29.479,1,0,0
293,1,32.808,29.479,1,0,0
294,1,32.808,29.479,1,0,0
295,1,32.808,29.479,1,0,0
296,1,32.808,29.479,1,0,0
297,1,32.808,29.479,1,0,0
298,1,32.808,29.479,1,0,0
299,1,32.808,29.479,1,0,0
0,2,43.97,5.208,1,-5.581,1.717
1,2,43.784,5.265,1,-5.581,1.717
2,2,43.598,5.322,1,-5.581,1.717
3,2,43.412,5.379,1,-5.581,1.717
4,2,43.226,5.437,1,-5.581,1.717
5,2,43.04,5.494,1,-5.581,1.717
6,2,42.854,5.551,1,-5.581,1.717
7,2,42.668,5.608,1,-5.581,1.717
8,2,42.482,5.666,1,-5.581,1.717
9,2,42.296,5.723,1,-5.581,1.717
10,2,42.11,5.78,1,-5.581,1.717
11,2,41.924,5.837,1,-5.581,1.717
12,2,41.738,5.895,1,-5.581,1.717
13,2,41.552,5.952,1,-5.581,1.717
14,2,41.366,6.009,1,-5.581,1.717
15,2,41.179,6.066,1,-5.581,1.717
16,2,40.993,6.124,1,-5.581,1.717
17,2,40.807,6.181,1,-5.581,1.717
18,2,40.621,6.238,1,-5.581,1.717
19,2,40.435,6.295,1,-5.581,1.717
20,2,40.249,6.353,1,-5.581,1.717
21,2,40.061,6.382,1,-5.661,0.89
22,2,39.872,6.412,1,-5.661,0.89
23,2,39.683,6.442,1,-5.661,0.89
24,2,39.495,6.471,1,-5.661,0.89
25,2,39.306,6.501,1,-5.661,0.89
26,2,39.117,6.531,1,-5.661,0.89
27,2,38.928,6.56,1,-5.661,0.89
28,2,38.74,6.59,1,-5.661,0.89
29,2,38.551,6.62,1,-5.661,0.89
30,2,38.362,6.649,1,-5.661,0.89
31,2,38.174,6.679,1,-5.661,0.89
32,2,37.985,6.709,1,-5.661,0.89
33,2,37.796,6.738,1,-5.661,0.89
34,2,37.608,6.768,1,-5.661,0.89
35,2,37.419,6.798,1,-5.661,0.89
36,2,37.23,6.827,1,-5.661,0.89
37,2,37.042,6.857,1,-5.661,0.89
38,2,36.853,6.887,1,-5.661,0.89
39,2,36.664,6.916,1,-5.661,0.89
40,2,36.475,6.946,1,-5.661,0.89
41,2,36.287,6.976,1,-5.661,0.89
42,2,36.098,7.006,1,-5.661,0.89
43,2,35.909,7.035,1,-5.661,0.89
44,2,35.721,7.065,1,-5.661,0.89
45,2,35.532,7.095,1,-5.661,0.89
46,2,35.343,7.124,1,-5.661,0.89
47,2,35.155,7.154,1,-5.661,0.89
48,2,34.978,7.223,1,-5.289,2.061
49,2,34.802,7.291,1,-5.289,2.061
50,2,34.626,7.36,1,-5.289,2.061
51,2,34.449,7.429,1,-5.289,2.061
52,2,34.273,7.497,1,-5.289,2.061
53,2,34.097,7.566,1,-5.289,2.061
54,2,33.92,7.635,1,-5.289,2.061
55,2,33.744,7.703,1,-5.289,2.061
56,2,33.568,7.772,1,-5.289,2.061
57,2,33.392,7.841,1,-5.289,2.061
58,2,33.215,7.91,1,-5.289,2.061
59,2,33.039,7.978,1,-5.289,2.061
60,2,32.863,8.047,1,-5.289,2.061
61,2,32.686,8.116,1,-5.289,2.061
62,2,32.51,8.184,1,-5.289,2.061
63,2,32.334,8.253,1,-5.289,2.061
64,2,32.157,8.322,1,-5.289,2.061
65,2,31.981,8.39,1,-5.289,2.061
66,2,31.805,8.459,1,-5.289,2.061
67,2,31.628,8.528,1,-5.289,2.061
68,2,31.452,8.596,1,-5.289,2.061
69,2,31.276,8.665,1,-5.289,2.061
70,2,31.099,8.734,1,-5.289,2.061
71,2,30.923,8.803,1,-5.289,2.061
72,2,30.747,8.871,1,-5.289,2.061
73,2,30.575,8.964,1,-5.152,2.791
74,2,30.403,9.057,1,-5.152,2.791
75,2,30.232,9.15,1,-5.152,2.791
76,2,30.06,9.243,1,-5.152,2.791
77,2,29.888,9.336,1,-5.152,2.791
78,2,29.716,9.429,1,-5.152,2.791
79,2,29.545,9.522,1,-5.152,2.791
80,2,29.373,9.615,1,-5.152,2.791
81,2,29.201,9.708,1,-5.152,2.791
82,2,29.03,9.801,1,-5.152,2.791
83,2,28.858,9.894,1,-5.152,2.791
84,2,28.686,9.987,1,-5.152,2.791
85,2,28.514,10.081,1,-5.152,2.791
86,2,28.343,10.174,1,-5.152,2.791
87,2,28.171,10.267,1,-5.152,2.791
88,2,27.999,10.36,1,-5.152,2.791
89,2,27.893,10.52,1,-3.177,4.808
90,2,27.787,10.68,1,-3.177,4.808
91,2,27.681,10.84,1,-3.177,4.808
92,2,27.576,11.001,1,-3.177,4.808
93,2,27.47,11.161,1,-3.177,4.808
94,2,27.364,11.321,1,-3.177,4.808
95,2,27.258,11.482,1,-3.177,4.808
96,2,27.152,11.642,1,-3.177,4.808
97,2,27.046,11.802,1,-3.177,4.808
98,2,26.94,11.962,1,-3.177,4.808
99,2,26.834,12.123,1,-3.177,4.808
100,2,26.728,12.283,1,-3.177,4.808
101,2,26.622,12.443,1,-3.177,4.808
102,2,26.517,12.604,1,-3.177,4.808
103,2,26.411,12.764,1,-3.177,4.808
104,2,26.305,12.924,1,-3.177,4.808
105,2,26.199,13.084,1,-3.177,4.808
106,2,26.093,13.245,1,-3.177,4.808
107,2,25.987,13.405,1,-3.177,4.808
108,2,25.881,13.565,1,-3.177,4.808
109,2,25.888,13.758,1,0.215,5.796
110,2,25.895,13.952,1,0.215,5.796
111,2,25.903,14.145,1,0.215,5.796
112,2,25.91,14.338,1,0.215,5.796
113,2,25.917,14.531,1,0.215,5.796
114,2,25.924,14.724,1,0.215,5.796
115,2,25.931,14.918,1,0.215,5.796
116,2,25.938,15.111,1,0.215,5.796
117,2,25.946,15.304,1,0.215,5.796
118,2,25.953,15.497,1,0.215,5.796
119,2,25.96,15.69,1,0.215,5.796
120,2,25.967,15.884,1,0.215,5.796
121,2,25.974,16.077,1,0.215,5.796
122,2,25.981,16.27,1,0.215,5.796
123,2,25.989,16.463,1,0.215,5.796
124,2,25.996,16.656,1,0.215,5.796
125,2,26.144,16.799,1,4.436,4.293
126,2,26.291,16.943,1,4.436,4.293
127,2,26.439,17.086,1,4.436,4.293
128,2,26.587,17.229,1,4.436,4.293
129,2,26.735,17.372,1,4.436,4.293
130,2,26.883,17.515,1,4.436,4.293
131,2,27.031,17.658,1,4.436,4.293
132,2,27.179,17.801,1,4.436,4.293
133,2,27.327,17.944,1,4.436,4.293
134,2,27.474,18.087,1,4.436,4.293
135,2,27.622,18.231,1,4.436,4.293
136,2,27.77,18.374,1,4.436,4.293
137,2,27.923,18.507,1,4.579,4.007
138,2,28.076,18.641,1,4.579,4.007
139,2,28.228,18.774,1,4.579,4.007
140,2,28.381,18.908,1,4.579,4.007
141,2,28.533,19.041,1,4.579,4.007
142,2,28.686,19.175,1,4.579,4.007
143,2,28.839,19.309,1,4.579,4.007
144,2,28.991,19.442,1,4.579,4.007
145,2,29.144,19.576,1,4.579,4.007
146,2,29.297,19.709,1,4.579,4.007
147,2,29.449,19.843,1,4.579,4.007
148,2,29.602,19.976,1,4.579,4.007
149,2,29.8,20.023,1,5.932,1.405
150,2,29.997,20.07,1,5.932,1.405
151,2,30.195,20.117,1,5.932,1.405
152,2,30.393,20.164,1,5.932,1.405
153,2,30.591,20.211,1,5.932,1.405
154,2,30.788,20.257,1,5.932,1.405
155,2,30.986,20.304,1,5.932,1.405
156,2,31.184,20.351,1,5.932,1.405
157,2,31.382,20.398,1,5.932,1.405
158,2,31.579,20.445,1,5.932,1.405
159,2,31.777,20.492,1,5.932,1.405
160,2,31.971,20.553,1,5.812,1.849
161,2,32.165,20.615,1,5.812,1.849
162,2,32.358,20.677,1,5.812,1.849
163,2,32.552,20.738,1,5.812,1.849
164,2,32.746,20.8,1,5.812,1.849
165,2,32.94,20.862,1,5.812,1.849
166,2,33.133,20.923,1,5.812,1.849
167,2,33.327,20.985,1,5.812,1.849
168,2,33.521,21.046,1,5.812,1.849
169,2,33.715,21.108,1,5.812,1.849
170,2,33.908,21.17,1,5.812,1.849
171,2,34.102,21.231,1,5.812,1.849
172,2,34.296,21.293,1,5.812,1.849
173,2,34.485,21.355,1,5.68,1.849
174,2,34.675,21.416,1,5.68,1.849
175,2,34.864,21.478,1,5.68,1.849
176,2,35.053,21.54,1,5.68,1.849
177,2,35.243,21.601,1,5.68,1.849
178,2,35.432,21.663,1,5.68,1.849
179,2,35.621,21.725,1,5.68,1.849
180,2,35.811,21.786,1,5.68,1.849
181,2,36,21.848,1,5.68,1.849
182,2,36.189,21.91,1,5.68,1.849
183,2,36.379,21.971,1,5.68,1.849
184,2,36.568,22.033,1,5.68,1.849
185,2,36.757,22.094,1,5.68,1.849
186,2,36.949,22.1,1,5.753,0.172
187,2,37.141,22.106,1,5.753,0.172
188,2,37.333,22.112,1,5.753,0.172
189,2,37.524,22.117,1,5.753,0.172
190,2,37.716,22.123,1,5.753,0.172
191,2,37.908,22.129,1,5.753,0.172
192,2,38.1,22.135,1,5.753,0.172
193,2,38.292,22.14,1,5.753,0.172
194,2,38.483,22.146,1,5.753,0.172
195,2,38.675,22.152,1,5.753,0.172
196,2,38.867,22.157,1,5.753,0.172
197,2,39.059,22.163,1,5.753,0.172
198,2,39.25,22.169,1,5.753,0.172
199,2,39.442,22.175,1,5.753,0.172
200,2,39.634,22.18,1,5.753,0.172
201,2,39.826,22.186,1,5.753,0.172
202,2,40.017,22.192,1,5.753,0.172
203,2,40.209,22.197,1,5.753,0.172
204,2,40.401,22.203,1,5.753,0.172
205,2,40.593,22.209,1,5.753,0.172
206,2,40.777,22.155,1,5.534,-1.622
207,2,40.962,22.101,1,5.534,-1.622
208,2,41.146,22.047,1,5.534,-1.622
209,2,41.331,21.993,1,5.534,-1.622
210,2,41.515,21.939,1,5.534,-1.622
211,2,41.699,21.885,1,5.534,-1.622
212,2,41.884,21.831,1,5.534,-1.622
213,2,42.068,21.776,1,5.534,-1.622
214,2,42.253,21.722,1,5.534,-1.622
215,2,42.437,21.668,1,5.534,-1.622
216,2,42.622,21.614,1,5.534,-1.622
217,2,42.806,21.56,1,5.534,-1.622
218,2,42.991,21.506,1,5.534,-1.622
219,2,43.175,21.452,1,5.534,-1.622
220,2,43.359,21.398,1,5.534,-1.622
221,2,43.544,21.344,1,5.534,-1.622
222,2,43.728,21.29,1,5.534,-1.622
223,2,43.913,21.236,1,5.534,-1.622
224,2,44.094,21.163,1,5.438,-2.194
225,2,44.275,21.09,1,5.438,-2.194
226,2,44.457,21.016,1,5.438,-2.194
227,2,44.638,20.943,1,5.438,-2.194
228,2,44.819,20.87,1,5.438,-2.194
229,2,45,20.797,1,5.438,-2.194
230,2,45.182,20.724,1,5.438,-2.194
231,2,45.363,20.651,1,5.438,-2.194
232,2,45.544,20.578,1,5.438,-2.194
233,2,45.726,20.504,1,5.438,-2.194
234,2,45.907,20.431,1,5.438,-2.194
235,2,46.088,20.358,1,5.438,-2.194
236,2,46.269,20.285,1,5.438,-2.194
237,2,46.451,20.212,1,5.438,-2.194
238,2,46.632,20.139,1,5.438,-2.194
239,2,46.813,20.066,1,5.438,-2.194
240,2,46.994,19.992,1,5.438,-2.194
241,2,47.176,19.919,1,5.438,-2.194
242,2,47.353,19.831,1,5.308,-2.654
243,2,47.53,19.742,1,5.308,-2.654
244,2,47.707,19.654,1,5.308,-2.654
245,2,47.883,19.565,1,5.308,-2.654
246,2,48.06,19.477,1,5.308,-2.654
247,2,48.237,19.388,1,5.308,-2.654
248,2,48.414,19.3,1,5.308,-2.654
249,2,48.591,19.211,1,5.308,-2.654
250,2,48.768,19.123,1,5.308,-2.654
251,2,48.945,19.035,1,5.308,-2.654
252,2,49.122,18.946,1,5.308,-2.654
253,2,49.309,18.878,1,5.62,-2.03
254,2,49.497,18.811,1,5.62,-2.03
255,2,49.684,18.743,1,5.62,-2.03
256,2,49.871,18.675,1,5.62,-2.03
257,2,50.059,18.608,1,5.62,-2.03
258,2,50.246,18.54,1,5.62,-2.03
259,2,50.433,18.473,1,5.62,-2.03
260,2,50.621,18.405,1,5.62,-2.03
261,2,50.808,18.337,1,5.62,-2.03
262,2,50.995,18.27,1,5.62,-2.03
263,2,51.183,18.202,1,5.62,-2.03
264,2,51.361,18.113,1,5.343,-2.671
265,2,51.539,18.024,1,5.343,-2.671
266,2,51.717,17.935,1,5.343,-2.671
267,2,51.895,17.846,1,5.343,-2.671
268,2,52.073,17.757,1,5.343,-2.671
269,2,52.251,17.668,1,5.343,-2.671
270,2,52.429,17.579,1,5.343,-2.671
271,2,52.607,17.49,1,5.343,-2.671
272,2,52.786,17.401,1,5.343,-2.671
273,2,52.907,17.222,1,3.649,-5.367
274,2,53.029,17.043,1,3.649,-5.367
275,2,53.15,16.864,1,3.649,-5.367
276,2,53.272,16.685,1,3.649,-5.367
277,2,53.394,16.506,1,3.649,-5.367
278,2,53.515,16.327,1,3.649,-5.367
279,2,53.637,16.148,1,3.649,-5.367
280,2,53.759,15.969,1,3.649,-5.367
281,2,53.759,15.969,1,0,0
282,2,53.759,15.969,1,0,0
283,2,53.759,15.969,1,0,0
284,2,53.759,15.969,1,0,0
285,2,53.759,15.969,1,0,0
286,2,53.759,15.969,1,0,0
287,2,53.759,15.969,1,0,0
288,2,53.759,15.969,1,0,0
289,2,53.759,15.969,1,0,0
290,2,53.759,15.969,1,0,0
291,2,53.759,15.969,1,0,0
292,2,53.759,15.969,1,0,0
293,2,53.759,15.969,1,0,0
294,2,53.759,15.969,1,0,0
295,2,53.759,15.969,1,0,0
296,2,53.759,15.969,1,0,0
297,2,53.759,15.969,1,0,0
298,2,53.759,15.969,1,0,0
299,2,53.759,15.969,1,0,0
0,3,44.886,9.043,1,-5.915,-3.435
1,3,44.689,8.928,1,-5.915,-3.435
2,3,44.492,8.814,1,-5.915,-3.435
3,3,44.294,8.7,1,-5.915,-3.435
4,3,44.097,8.585,1,-5.915,-3.435
5,3,43.9,8.471,1,-5.915,-3.435
6,3,43.703,8.356,1,-5.915,-3.435
7,3,43.506,8.242,1,-5.915,-3.435
8,3,43.309,8.127,1,-5.915,-3.435
9,3,43.111,8.013,1,-5.915,-3.435
10,3,42.908,7.924,1,-6.089,-2.654
11,3,42.706,7.836,1,-6.089,-2.654
12,3,42.503,7.747,1,-6.089,-2.654
13,3,42.3,7.659,1,-6.089,-2.654
14,3,42.097,7.57,1,-6.089,-2.654
15,3,41.894,7.482,1,-6.089,-2.654
16,3,41.691,7.393,1,-6.089,-2.654
17,3,41.488,7.305,1,-6.089,-2.654
18,3,41.285,7.216,1,-6.089,-2.654
19,3,41.082,7.128,1,-6.089,-2.654
20,3,40.879,7.039,1,-6.089,-2.654
21,3,40.764,6.836,1,-3.435,-6.106
22,3,40.65,6.632,1,-3.435,-6.106
23,3,40.535,6.429,1,-3.435,-6.106
24,3,40.421,6.225,1,-3.435,-6.106
25,3,40.307,6.022,1,-3.435,-6.106
26,3,40.192,5.818,1,-3.435,-6.106
27,3,40.078,5.615,1,-3.435,-6.106
28,3,39.963,5.411,1,-3.435,-6.106
29,3,39.849,5.208,1,-3.435,-6.106
30,3,39.715,5.023,1,-4.007,-5.534
31,3,39.581,4.839,1,-4.007,-5.534
32,3,39.448,4.654,1,-4.007,-5.534
33,3,39.314,4.47,1,-4.007,-5.534
34,3,39.181,4.285,1,-4.007,-5.534
35,3,39.047,4.101,1,-4.007,-5.534
36,3,38.914,3.917,1,-4.007,-5.534
37,3,38.78,3.732,1,-4.007,-5.534
38,3,38.646,3.548,1,-4.007,-5.534
39,3,38.48,3.387,1,-4.98,-4.808
40,3,38.314,3.227,1,-4.98,-4.808
41,3,38.148,3.067,1,-4.98,-4.808
42,3,37.982,2.906,1,-4.98,-4.808
43,3,37.816,2.746,1,-4.98,-4.808
44,3,37.65,2.586,1,-4.98,-4.808
45,3,37.484,2.426,1,-4.98,-4.808
46,3,37.318,2.265,1,-4.98,-4.808
47,3,37.152,2.105,1,-4.98,-4.808
48,3,36.986,1.945,1,-4.98,-4.808
49,3,36.786,1.852,1,-6.011,-2.791
50,3,36.586,1.759,1,-6.011,-2.791
51,3,36.385,1.666,1,-6.011,-2.791
52,3,36.185,1.573,1,-6.011,-2.791
53,3,35.985,1.48,1,-6.011,-2.791
54,3,35.784,1.387,1,-6.011,-2.791
55,3,35.584,1.294,1,-6.011,-2.791
56,3,35.384,1.201,1,-6.011,-2.791
57,3,35.148,1.194,1,-7.06,-0.191
58,3,34.913,1.188,1,-7.06,-0.191
59,3,34.678,1.182,1,-7.06,-0.191
60,3,34.442,1.175,1,-7.06,-0.191
61,3,34.207,1.169,1,-7.06,-0.191
62,3,33.972,1.162,1,-7.06,-0.191
63,3,33.736,1.156,1,-7.06,-0.191
64,3,33.501,1.15,1,-7.06,-0.191
65,3,33.266,1.143,1,-7.06,-0.191
66,3,33.05,1.148,1,-6.473,0.132
67,3,32.834,1.152,1,-6.473,0.132
68,3,32.618,1.157,1,-6.473,0.132
69,3,32.403,1.161,1,-6.473,0.132
70,3,32.187,1.165,1,-6.473,0.132
71,3,31.971,1.17,1,-6.473,0.132
72,3,31.755,1.174,1,-6.473,0.132
73,3,31.539,1.179,1,-6.473,0.132
74,3,31.324,1.183,1,-6.473,0.132
75,3,31.108,1.187,1,-6.473,0.132
76,3,30.892,1.192,1,-6.473,0.132
77,3,30.676,1.196,1,-6.473,0.132
78,3,30.461,1.201,1,-6.473,0.132
79,3,30.251,1.258,1,-6.297,1.717
80,3,30.041,1.315,1,-6.297,1.717
81,3,29.831,1.372,1,-6.297,1.717
82,3,29.621,1.43,1,-6.297,1.717
83,3,29.411,1.487,1,-6.297,1.717
84,3,29.201,1.544,1,-6.297,1.717
85,3,28.991,1.601,1,-6.297,1.717
86,3,28.782,1.659,1,-6.297,1.717
87,3,28.572,1.716,1,-6.297,1.717
88,3,28.362,1.792,1,-6.297,2.29
89,3,28.152,1.868,1,-6.297,2.29
90,3,27.942,1.945,1,-6.297,2.29
91,3,27.732,2.021,1,-6.297,2.29
92,3,27.522,2.097,1,-6.297,2.29
93,3,27.312,2.174,1,-6.297,2.29
94,3,27.102,2.25,1,-6.297,2.29
95,3,26.892,2.326,1,-6.297,2.29
96,3,26.683,2.403,1,-6.297,2.29
97,3,26.473,2.479,1,-6.297,2.29
98,3,26.263,2.555,1,-6.297,2.29
99,3,26.053,2.632,1,-6.297,2.29
100,3,25.867,2.768,1,-5.581,4.079
101,3,25.681,2.904,1,-5.581,4.079
102,3,25.495,3.04,1,-5.581,4.079
103,3,25.309,3.176,1,-5.581,4.079
104,3,25.123,3.311,1,-5.581,4.079
105,3,24.937,3.447,1,-5.581,4.079
106,3,24.751,3.583,1,-5.581,4.079
107,3,24.565,3.719,1,-5.581,4.079
108,3,24.631,3.948,1,2.004,6.869
109,3,24.698,4.177,1,2.004,6.869
110,3,24.765,4.406,1,2.004,6.869
111,3,24.832,4.635,1,2.004,6.869
112,3,24.898,4.864,1,2.004,6.869
113,3,24.965,5.093,1,2.004,6.869
114,3,25.096,5.273,1,3.925,5.397
115,3,25.227,5.453,1,3.925,5.397
116,3,25.358,5.633,1,3.925,5.397
117,3,25.489,5.813,1,3.925,5.397
118,3,25.619,5.993,1,3.925,5.397
119,3,25.75,6.173,1,3.925,5.397
120,3,25.881,6.353,1,3.925,5.397
121,3,26.091,6.467,1,6.297,3.435
122,3,26.301,6.581,1,6.297,3.435
123,3,26.511,6.696,1,6.297,3.435
124,3,26.721,6.81,1,6.297,3.435
125,3,26.931,6.925,1,6.297,3.435
126,3,27.141,7.039,1,6.297,3.435
127,3,27.37,7.075,1,6.869,1.073
128,3,27.598,7.111,1,6.869,1.073
129,3,27.827,7.147,1,6.869,1.073
130,3,28.056,7.183,1,6.869,1.073
131,3,28.285,7.218,1,6.869,1.073
132,3,28.514,7.254,1,6.869,1.073
133,3,28.743,7.29,1,6.869,1.073
134,3,28.972,7.326,1,6.869,1.073
135,3,29.184,7.361,1,6.341,1.057
136,3,29.395,7.396,1,6.341,1.057
137,3,29.606,7.431,1,6.341,1.057
138,3,29.818,7.467,1,6.341,1.057
139,3,30.029,7.502,1,6.341,1.057
140,3,30.24,7.537,1,6.341,1.057
141,3,30.452,7.572,1,6.341,1.057
142,3,30.663,7.607,1,6.341,1.057
143,3,30.875,7.643,1,6.341,1.057
144,3,31.086,7.678,1,6.341,1.057
145,3,31.297,7.713,1,6.341,1.057
146,3,31.509,7.748,1,6.341,1.057
147,3,31.72,7.784,1,6.341,1.057
148,3,31.929,7.834,1,6.263,1.515
149,3,32.138,7.885,1,6.263,1.515
150,3,32.346,7.935,1,6.263,1.515
151,3,32.555,7.986,1,6.263,1.515
152,3,32.764,8.036,1,6.263,1.515
153,3,32.973,8.087,1,6.263,1.515
154,3,33.181,8.137,1,6.263,1.515
155,3,33.39,8.188,1,6.263,1.515
156,3,33.599,8.238,1,6.263,1.515
157,3,33.808,8.289,1,6.263,1.515
158,3,34.016,8.339,1,6.263,1.515
159,3,34.225,8.39,1,6.263,1.515
160,3,34.434,8.44,1,6.263,1.515
161,3,34.643,8.491,1,6.263,1.515
162,3,34.852,8.541,1,6.263,1.515
163,3,35.06,8.592,1,6.263,1.515
164,3,35.269,8.642,1,6.263,1.515
165,3,35.479,8.68,1,6.297,1.145
166,3,35.689,8.719,1,6.297,1.145
167,3,35.899,8.757,1,6.297,1.145
168,3,36.109,8.795,1,6.297,1.145
169,3,36.319,8.833,1,6.297,1.145
170,3,36.528,8.871,1,6.297,1.145
171,3,36.738,8.909,1,6.297,1.145
172,3,36.948,8.948,1,6.297,1.145
173,3,37.158,8.986,1,6.297,1.145
174,3,37.368,9.024,1,6.297,1.145
175,3,37.578,9.062,1,6.297,1.145
176,3,37.788,9.1,1,6.297,1.145
177,3,38.01,9.157,1,6.655,1.717
178,3,38.231,9.215,1,6.655,1.717
179,3,38.453,9.272,1,6.655,1.717
180,3,38.675,9.329,1,6.655,1.717
181,3,38.897,9.386,1,6.655,1.717
182,3,39.119,9.444,1,6.655,1.717
183,3,39.341,9.501,1,6.655,1.717
184,3,39.562,9.558,1,6.655,1.717
185,3,39.765,9.621,1,6.089,1.873
186,3,39.968,9.683,1,6.089,1.873
187,3,40.171,9.745,1,6.089,1.873
188,3,40.374,9.808,1,6.089,1.873
189,3,40.577,9.87,1,6.089,1.873
190,3,40.78,9.933,1,6.089,1.873
191,3,40.983,9.995,1,6.089,1.873
192,3,41.186,10.058,1,6.089,1.873
193,3,41.389,10.12,1,6.089,1.873
194,3,41.592,10.183,1,6.089,1.873
195,3,41.795,10.245,1,6.089,1.873
196,3,41.998,10.313,1,6.089,2.03
197,3,42.201,10.38,1,6.089,2.03
198,3,42.404,10.448,1,6.089,2.03
199,3,42.607,10.516,1,6.089,2.03
200,3,42.81,10.583,1,6.089,2.03
201,3,43.013,10.651,1,6.089,2.03
202,3,43.216,10.719,1,6.089,2.03
203,3,43.418,10.786,1,6.089,2.03
204,3,43.621,10.854,1,6.089,2.03
205,3,43.824,10.922,1,6.089,2.03
206,3,44.027,10.989,1,6.089,2.03
207,3,44.225,11.083,1,5.932,2.81
208,3,44.423,11.177,1,5.932,2.81
209,3,44.621,11.27,1,5.932,2.81
210,3,44.818,11.364,1,5.932,2.81
211,3,45.016,11.458,1,5.932,2.81
212,3,45.214,11.551,1,5.932,2.81
213,3,45.412,11.645,1,5.932,2.81
214,3,45.609,11.739,1,5.932,2.81
215,3,45.807,11.832,1,5.932,2.81
216,3,46.005,11.926,1,5.932,2.81
217,3,46.203,12.02,1,5.932,2.81
218,3,46.417,12.091,1,6.44,2.147
219,3,46.632,12.163,1,6.44,2.147
220,3,46.847,12.234,1,6.44,2.147
221,3,47.061,12.306,1,6.44,2.147
222,3,47.276,12.377,1,6.44,2.147
223,3,47.491,12.449,1,6.44,2.147
224,3,47.705,12.521,1,6.44,2.147
225,3,47.92,12.592,1,6.44,2.147
226,3,48.053,12.802,1,4.007,6.297
227,3,48.187,13.012,1,4.007,6.297
228,3,48.321,13.222,1,4.007,6.297
229,3,48.454,13.432,1,4.007,6.297
230,3,48.588,13.642,1,4.007,6.297
231,3,48.721,13.851,1,4.007,6.297
232,3,48.836,14.042,1,3.435,5.724
233,3,48.95,14.233,1,3.435,5.724
234,3,49.065,14.424,1,3.435,5.724
235,3,49.179,14.615,1,3.435,5.724
236,3,49.294,14.805,1,3.435,5.724
237,3,49.408,14.996,1,3.435,5.724
238,3,49.389,15.225,1,-0.572,6.869
239,3,49.37,15.454,1,-0.572,6.869
240,3,49.351,15.683,1,-0.572,6.869
241,3,49.332,15.912,1,-0.572,6.869
242,3,49.313,16.141,1,-0.572,6.869
243,3,49.294,16.37,1,-0.572,6.869
244,3,49.275,16.599,1,-0.572,6.869
245,3,49.256,16.828,1,-0.572,6.869
246,3,49.236,17.057,1,-0.572,6.869
247,3,49.179,17.261,1,-1.717,6.133
248,3,49.122,17.466,1,-1.717,6.133
249,3,49.065,17.67,1,-1.717,6.133
250,3,49.008,17.875,1,-1.717,6.133
251,3,48.95,18.079,1,-1.717,6.133
252,3,48.893,18.284,1,-1.717,6.133
253,3,48.836,18.488,1,-1.717,6.133
254,3,48.779,18.693,1,-1.717,6.133
255,3,48.721,18.897,1,-1.717,6.133
256,3,48.664,19.101,1,-1.717,6.133
257,3,48.607,19.306,1,-1.717,6.133
258,3,48.55,19.51,1,-1.717,6.133
259,3,48.492,19.715,1,-1.717,6.133
260,3,48.435,19.919,1,-1.717,6.133
261,3,48.302,20.091,1,-4.007,5.152
262,3,48.168,20.263,1,-4.007,5.152
263,3,48.034,20.434,1,-4.007,5.152
264,3,47.901,20.606,1,-4.007,5.152
265,3,47.767,20.778,1,-4.007,5.152
266,3,47.634,20.95,1,-4.007,5.152
267,3,47.5,21.121,1,-4.007,5.152
268,3,47.367,21.293,1,-4.007,5.152
269,3,47.233,21.465,1,-4.007,5.152
270,3,47.099,21.637,1,-4.007,5.152
271,3,46.966,21.808,1,-4.007,5.152
272,3,46.832,21.98,1,-4.007,5.152
273,3,46.832,21.98,1,0,0
274,3,46.832,21.98,1,0,0
275,3,46.832,21.98,1,0,0
276,3,46.832,21.98,1,0,0
277,3,46.832,21.98,1,0,0
278,3,46.832,21.98,1,0,0
279,3,46.832,21.98,1,0,0
280,3,46.832,21.98,1,0,0
281,3,46.832,21.98,1,0,0
282,3,46.832,21.98,1,0,0
283,3,46.832,21.98,1,0,0
284,3,46.832,21.98,1,0,0
285,3,46.832,21.98,1,0,0
286,3,46.832,21.98,1,0,0
287,3,46.832,21.98,1,0,0
288,3,46.832,21.98,1,0,0
289,3,46.832,21.98,1,0,0
290,3,46.832,21.98,1,0,0
291,3,46.832,21.98,1,0,0
292,3,46.832,21.98,1,0,0
293,3,46.832,21.98,1,0,0
294,3,46.832,21.98,1,0,0
295,3,46.832,21.98,1,0,0
296,3,46.832,21.98,1,0,0
297,3,46.832,21.98,1,0,0
298,3,46.832,21.98,1,0,0
299,3,46.832,21.98,1,0,0
0,4,55.819,2.345,1,-4.675,-1.145
1,4,55.664,2.307,1,-4.675,-1.145
2,4,55.508,2.269,1,-4.675,-1.145
3,4,55.352,2.231,1,-4.675,-1.145
4,4,55.196,2.193,1,-4.675,-1.145
5,4,55.04,2.155,1,-4.675,-1.145
6,4,54.884,2.117,1,-4.675,-1.145
7,4,54.729,2.078,1,-4.675,-1.145
8,4,54.573,2.04,1,-4.675,-1.145
9,4,54.417,2.002,1,-4.675,-1.145
10,4,54.261,1.964,1,-4.675,-1.145
11,4,54.105,1.926,1,-4.675,-1.145
12,4,53.95,1.888,1,-4.675,-1.145
13,4,53.794,1.849,1,-4.675,-1.145
14,4,53.638,1.811,1,-4.675,-1.145
15,4,53.482,1.773,1,-4.675,-1.145
16,4,53.326,1.735,1,-4.675,-1.145
17,4,53.17,1.697,1,-4.675,-1.145
18,4,53.015,1.659,1,-4.675,-1.145
19,4,52.851,1.63,1,-4.907,-0.859
20,4,52.687,1.601,1,-4.907,-0.859
21,4,52.524,1.573,1,-4.907,-0.859
22,4,52.36,1.544,1,-4.907,-0.859
23,4,52.197,1.515,1,-4.907,-0.859
24,4,52.033,1.487,1,-4.907,-0.859
25,4,51.87,1.458,1,-4.907,-0.859
26,4,51.706,1.43,1,-4.907,-0.859
27,4,51.543,1.401,1,-4.907,-0.859
28,4,51.379,1.372,1,-4.907,-0.859
29,4,51.215,1.344,1,-4.907,-0.859
30,4,51.052,1.315,1,-4.907,-0.859
31,4,50.888,1.286,1,-4.907,-0.859
32,4,50.725,1.258,1,-4.907,-0.859
33,4,50.566,1.253,1,-4.779,-0.149
34,4,50.406,1.248,1,-4.779,-0.149
35,4,50.247,1.243,1,-4.779,-0.149
36,4,50.088,1.238,1,-4.779,-0.149
37,4,49.928,1.233,1,-4.779,-0.149
38,4,49.769,1.228,1,-4.779,-0.149
39,4,49.61,1.223,1,-4.779,-0.149
40,4,49.451,1.218,1,-4.779,-0.149
41,4,49.291,1.213,1,-4.779,-0.149
42,4,49.132,1.208,1,-4.779,-0.149
43,4,48.973,1.203,1,-4.779,-0.149
44,4,48.813,1.198,1,-4.779,-0.149
45,4,48.654,1.193,1,-4.779,-0.149
46,4,48.495,1.188,1,-4.779,-0.149
47,4,48.336,1.183,1,-4.779,-0.149
48,4,48.176,1.178,1,-4.779,-0.149
49,4,48.017,1.173,1,-4.779,-0.149
50,4,47.858,1.168,1,-4.779,-0.149
51,4,47.698,1.163,1,-4.779,-0.149
52,4,47.539,1.158,1,-4.779,-0.149
53,4,47.38,1.153,1,-4.779,-0.149
54,4,47.221,1.148,1,-4.779,-0.149
55,4,47.061,1.143,1,-4.779,-0.149
56,4,46.902,1.143,1,-4.79,0
57,4,46.742,1.143,1,-4.79,0
58,4,46.582,1.143,1,-4.79,0
59,4,46.423,1.143,1,-4.79,0
60,4,46.263,1.143,1,-4.79,0
61,4,46.103,1.143,1,-4.79,0
62,4,45.943,1.143,1,-4.79,0
63,4,45.784,1.143,1,-4.79,0
64,4,45.624,1.143,1,-4.79,0
65,4,45.464,1.143,1,-4.79,0
66,4,45.305,1.143,1,-4.79,0
67,4,45.145,1.143,1,-4.79,0
68,4,44.985,1.143,1,-4.79,0
69,4,44.826,1.143,1,-4.79,0
70,4,44.666,1.143,1,-4.79,0
71,4,44.506,1.143,1,-4.79,0
72,4,44.347,1.143,1,-4.79,0
73,4,44.187,1.143,1,-4.79,0
74,4,44.027,1.143,1,-4.79,0
75,4,43.864,1.143,1,-4.894,0
76,4,43.701,1.143,1,-4.894,0
77,4,43.538,1.143,1,-4.894,0
78,4,43.375,1.143,1,-4.894,0
79,4,43.212,1.143,1,-4.894,0
80,4,43.048,1.143,1,-4.894,0
81,4,42.885,1.143,1,-4.894,0
82,4,42.722,1.143,1,-4.894,0
83,4,42.559,1.143,1,-4.894,0
84,4,42.396,1.143,1,-4.894,0
85,4,42.233,1.143,1,-4.894,0
86,4,42.07,1.143,1,-4.894,0
87,4,41.906,1.143,1,-4.894,0
88,4,41.743,1.143,1,-4.894,0
89,4,41.58,1.143,1,-4.894,0
90,4,41.417,1.143,1,-4.894,0
91,4,41.254,1.143,1,-4.894,0
92,4,41.091,1.143,1,-4.894,0
93,4,40.928,1.143,1,-4.894,0
94,4,40.764,1.143,1,-4.894,0
95,4,40.615,1.214,1,-4.491,2.114
96,4,40.465,1.284,1,-4.491,2.114
97,4,40.315,1.355,1,-4.491,2.114
98,4,40.166,1.425,1,-4.491,2.114
99,4,40.016,1.496,1,-4.491,2.114
100,4,39.866,1.566,1,-4.491,2.114
101,4,39.716,1.637,1,-4.491,2.114
102,4,39.567,1.707,1,-4.491,2.114
103,4,39.417,1.777,1,-4.491,2.114
104,4,39.267,1.848,1,-4.491,2.114
105,4,39.118,1.918,1,-4.491,2.114
106,4,38.968,1.989,1,-4.491,2.114
107,4,38.818,2.059,1,-4.491,2.114
108,4,38.664,2.122,1,-4.637,1.889
109,4,38.509,2.185,1,-4.637,1.889
110,4,38.355,2.248,1,-4.637,1.889
111,4,38.2,2.311,1,-4.637,1.889
112,4,38.045,2.374,1,-4.637,1.889
113,4,37.891,2.437,1,-4.637,1.889
114,4,37.736,2.5,1,-4.637,1.889
115,4,37.582,2.563,1,-4.637,1.889
116,4,37.427,2.626,1,-4.637,1.889
117,4,37.273,2.689,1,-4.637,1.889
118,4,37.19,2.835,1,-2.481,4.389
119,4,37.107,2.982,1,-2.481,4.389
120,4,37.025,3.128,1,-2.481,4.389
121,4,36.942,3.274,1,-2.481,4.389
122,4,36.859,3.42,1,-2.481,4.389
123,4,36.777,3.567,1,-2.481,4.389
124,4,36.694,3.713,1,-2.481,4.389
125,4,36.611,3.859,1,-2.481,4.389
126,4,36.528,4.006,1,-2.481,4.389
127,4,36.49,4.177,1,-1.145,5.152
128,4,36.452,4.349,1,-1.145,5.152
129,4,36.414,4.521,1,-1.145,5.152
130,4,36.376,4.692,1,-1.145,5.152
131,4,36.338,4.864,1,-1.145,5.152
132,4,36.299,5.036,1,-1.145,5.152
133,4,36.317,5.208,1,0.515,5.152
134,4,36.334,5.379,1,0.515,5.152
135,4,36.351,5.551,1,0.515,5.152
136,4,36.368,5.723,1,0.515,5.152
137,4,36.385,5.895,1,0.515,5.152
138,4,36.403,6.066,1,0.515,5.152
139,4,36.42,6.238,1,0.515,5.152
140,4,36.437,6.41,1,0.515,5.152
141,4,36.454,6.581,1,0.515,5.152
142,4,36.471,6.753,1,0.515,5.152
143,4,36.605,6.855,1,4.007,3.053
144,4,36.738,6.957,1,4.007,3.053
145,4,36.872,7.059,1,4.007,3.053
146,4,37.005,7.16,1,4.007,3.053
147,4,37.139,7.262,1,4.007,3.053
148,4,37.273,7.364,1,4.007,3.053
149,4,37.406,7.466,1,4.007,3.053
150,4,37.54,7.567,1,4.007,3.053
151,4,37.673,7.669,1,4.007,3.053
152,4,37.802,7.784,1,3.864,3.435
153,4,37.931,7.898,1,3.864,3.435
154,4,38.06,8.013,1,3.864,3.435
155,4,38.189,8.127,1,3.864,3.435
156,4,38.317,8.242,1,3.864,3.435
157,4,38.446,8.356,1,3.864,3.435
158,4,38.575,8.471,1,3.864,3.435
159,4,38.704,8.585,1,3.864,3.435
160,4,38.832,8.7,1,3.864,3.435
161,4,38.961,8.814,1,3.864,3.435
162,4,39.09,8.928,1,3.864,3.435
163,4,39.219,9.043,1,3.864,3.435
164,4,39.328,9.178,1,3.278,4.059
165,4,39.437,9.314,1,3.278,4.059
166,4,39.547,9.449,1,3.278,4.059
167,4,39.656,9.584,1,3.278,4.059
168,4,39.765,9.719,1,3.278,4.059
169,4,39.875,9.855,1,3.278,4.059
170,4,39.984,9.99,1,3.278,4.059
171,4,40.093,10.125,1,3.278,4.059
172,4,40.202,10.261,1,3.278,4.059
173,4,40.312,10.396,1,3.278,4.059
174,4,40.421,10.531,1,3.278,4.059
175,4,40.556,10.621,1,4.048,2.699
176,4,40.691,10.711,1,4.048,2.699
177,4,40.826,10.801,1,4.048,2.699
178,4,40.961,10.891,1,4.048,2.699
179,4,41.096,10.981,1,4.048,2.699
180,4,41.231,11.071,1,4.048,2.699
181,4,41.366,11.161,1,4.048,2.699
182,4,41.5,11.251,1,4.048,2.699
183,4,41.635,11.341,1,4.048,2.699
184,4,41.77,11.431,1,4.048,2.699
185,4,41.905,11.521,1,4.048,2.699
186,4,42.04,11.611,1,4.048,2.699
187,4,42.175,11.701,1,4.048,2.699
188,4,42.31,11.791,1,4.048,2.699
189,4,42.467,11.838,1,4.723,1.431
190,4,42.625,11.886,1,4.723,1.431
191,4,42.782,11.934,1,4.723,1.431
192,4,42.94,11.981,1,4.723,1.431
193,4,43.097,12.029,1,4.723,1.431
194,4,43.255,12.077,1,4.723,1.431
195,4,43.412,12.125,1,4.723,1.431
196,4,43.569,12.172,1,4.723,1.431
197,4,43.727,12.22,1,4.723,1.431
198,4,43.884,12.268,1,4.723,1.431
199,4,44.042,12.315,1,4.723,1.431
200,4,44.199,12.363,1,4.723,1.431
201,4,44.363,12.408,1,4.907,1.349
202,4,44.526,12.453,1,4.907,1.349
203,4,44.69,12.498,1,4.907,1.349
204,4,44.853,12.543,1,4.907,1.349
205,4,45.017,12.588,1,4.907,1.349
206,4,45.18,12.633,1,4.907,1.349
207,4,45.344,12.678,1,4.907,1.349
208,4,45.507,12.723,1,4.907,1.349
209,4,45.671,12.768,1,4.907,1.349
210,4,45.835,12.813,1,4.907,1.349
211,4,45.998,12.858,1,4.907,1.349
212,4,46.162,12.903,1,4.907,1.349
213,4,46.325,12.948,1,4.907,1.349
214,4,46.489,12.993,1,4.907,1.349
215,4,46.646,13.04,1,4.723,1.431
216,4,46.804,13.088,1,4.723,1.431
217,4,46.961,13.136,1,4.723,1.431
218,4,47.118,13.184,1,4.723,1.431
219,4,47.276,13.231,1,4.723,1.431
220,4,47.433,13.279,1,4.723,1.431
221,4,47.591,13.327,1,4.723,1.431
222,4,47.748,13.374,1,4.723,1.431
223,4,47.906,13.422,1,4.723,1.431
224,4,48.063,13.47,1,4.723,1.431
225,4,48.22,13.517,1,4.723,1.431
226,4,48.378,13.565,1,4.723,1.431
227,4,48.542,13.565,1,4.937,0
228,4,48.707,13.565,1,4.937,0
229,4,48.872,13.565,1,4.937,0
230,4,49.036,13.565,1,4.937,0
231,4,49.201,13.565,1,4.937,0
232,4,49.365,13.565,1,4.937,0
233,4,49.53,13.565,1,4.937,0
234,4,49.694,13.565,1,4.937,0
235,4,49.866,13.572,1,5.152,0.215
236,4,50.038,13.58,1,5.152,0.215
237,4,50.21,13.587,1,5.152,0.215
238,4,50.381,13.594,1,5.152,0.215
239,4,50.553,13.601,1,5.152,0.215
240,4,50.725,13.608,1,5.152,0.215
241,4,50.897,13.615,1,5.152,0.215
242,4,51.068,13.622,1,5.152,0.215
243,4,51.25,13.584,1,5.438,-1.145
244,4,51.431,13.546,1,5.438,-1.145
245,4,51.612,13.508,1,5.438,-1.145
246,4,51.793,13.47,1,5.438,-1.145
247,4,51.975,13.432,1,5.438,-1.145
248,4,52.156,13.393,1,5.438,-1.145
249,4,52.28,13.269,1,3.721,-3.721
250,4,52.404,13.145,1,3.721,-3.721
251,4,52.528,13.021,1,3.721,-3.721
252,4,52.652,12.897,1,3.721,-3.721
253,4,52.776,12.773,1,3.721,-3.721
254,4,52.9,12.649,1,3.721,-3.721
255,4,52.982,12.502,1,2.453,-4.416
256,4,53.064,12.355,1,2.453,-4.416
257,4,53.145,12.208,1,2.453,-4.416
258,4,53.227,12.061,1,2.453,-4.416
259,4,53.309,11.913,1,2.453,-4.416
260,4,53.391,11.766,1,2.453,-4.416
261,4,53.472,11.619,1,2.453,-4.416
262,4,53.461,11.424,1,-0.343,-5.839
263,4,53.45,11.23,1,-0.343,-5.839
264,4,53.438,11.035,1,-0.343,-5.839
265,4,53.427,10.84,1,-0.343,-5.839
266,4,53.415,10.646,1,-0.343,-5.839
267,4,53.224,10.55,1,-5.724,-2.862
268,4,53.034,10.455,1,-5.724,-2.862
269,4,52.843,10.36,1,-5.724,-2.862
270,4,52.66,10.302,1,-5.495,-1.717
271,4,52.476,10.245,1,-5.495,-1.717
272,4,52.293,10.188,1,-5.495,-1.717
273,4,52.11,10.131,1,-5.495,-1.717
274,4,51.927,10.073,1,-5.495,-1.717
275,4,51.927,10.073,1,0,0
276,4,51.927,10.073,1,0,0
277,4,51.927,10.073,1,0,0
278,4,51.927,10.073,1,0,0
279,4,51.927,10.073,1,0,0
280,4,51.927,10.073,1,0,0
281,4,51.927,10.073,1,0,0
282,4,51.927,10.073,1,0,0
283,4,51.927,10.073,1,0,0
284,4,51.927,10.073,1,0,0
285,4,51.927,10.073,1,0,0
286,4,51.927,10.073,1,0,0
287,4,51.927,10.073,1,0,0
288,4,51.927,10.073,1,0,0
289,4,51.927,10.073,1,0,0
290,4,51.927,10.073,1,0,0
291,4,51.927,10.073,1,0,0
292,4,51.927,10.073,1,0,0
293,4,51.927,10.073,1,0,0
294,4,51.927,10.073,1,0,0
295,4,51.927,10.073,1,0,0
296,4,51.927,10.073,1,0,0
297,4,51.927,10.073,1,0,0
298,4,51.927,10.073,1,0,0
299,4,51.927,10.073,1,0,0
0,5,40.936,4.807,0,-7.06,-0.763
1,5,40.701,4.782,0,-7.06,-0.763
2,5,40.466,4.756,0,-7.06,-0.763
3,5,40.23,4.731,0,-7.06,-0.763
4,5,39.995,4.705,0,-7.06,-0.763
5,5,39.76,4.68,0,-7.06,-0.763
6,5,39.524,4.654,0,-7.06,-0.763
7,5,39.289,4.629,0,-7.06,-0.763
8,5,39.054,4.603,0,-7.06,-0.763
9,5,38.818,4.578,0,-7.06,-0.763
10,5,38.589,4.564,0,-6.869,-0.429
11,5,38.36,4.549,0,-6.869,-0.429
12,5,38.131,4.535,0,-6.869,-0.429
13,5,37.902,4.521,0,-6.869,-0.429
14,5,37.673,4.506,0,-6.869,-0.429
15,5,37.444,4.492,0,-6.869,-0.429
16,5,37.215,4.478,0,-6.869,-0.429
17,5,36.986,4.463,0,-6.869,-0.429
18,5,36.766,4.455,0,-6.624,-0.245
19,5,36.545,4.447,0,-6.624,-0.245
20,5,36.324,4.439,0,-6.624,-0.245
21,5,36.103,4.431,0,-6.624,-0.245
22,5,35.882,4.423,0,-6.624,-0.245
23,5,35.662,4.414,0,-6.624,-0.245
24,5,35.441,4.406,0,-6.624,-0.245
25,5,35.22,4.398,0,-6.624,-0.245
26,5,34.999,4.39,0,-6.624,-0.245
27,5,34.778,4.382,0,-6.624,-0.245
28,5,34.558,4.374,0,-6.624,-0.245
29,5,34.337,4.365,0,-6.624,-0.245
30,5,34.116,4.357,0,-6.624,-0.245
31,5,33.895,4.349,0,-6.624,-0.245
32,5,33.656,4.365,0,-7.181,0.468
33,5,33.416,4.38,0,-7.181,0.468
34,5,33.177,4.396,0,-7.181,0.468
35,5,32.938,4.411,0,-7.181,0.468
36,5,32.698,4.427,0,-7.181,0.468
37,5,32.459,4.443,0,-7.181,0.468
38,5,32.22,4.458,0,-7.181,0.468
39,5,31.98,4.474,0,-7.181,0.468
40,5,31.741,4.49,0,-7.181,0.468
41,5,31.501,4.505,0,-7.181,0.468
42,5,31.262,4.521,0,-7.181,0.468
43,5,31.043,4.554,0,-6.583,1.002
44,5,30.823,4.588,0,-6.583,1.002
45,5,30.604,4.621,0,-6.583,1.002
46,5,30.384,4.654,0,-6.583,1.002
47,5,30.165,4.688,0,-6.583,1.002
48,5,29.945,4.721,0,-6.583,1.002
49,5,29.726,4.754,0,-6.583,1.002
50,5,29.507,4.788,0,-6.583,1.002
51,5,29.287,4.821,0,-6.583,1.002
52,5,29.068,4.855,0,-6.583,1.002
53,5,28.848,4.888,0,-6.583,1.002
54,5,28.629,4.921,0,-6.583,1.002
55,5,28.403,4.964,0,-6.762,1.288
56,5,28.178,5.007,0,-6.762,1.288
57,5,27.953,5.05,0,-6.762,1.288
58,5,27.727,5.093,0,-6.762,1.288
59,5,27.502,5.136,0,-6.762,1.288
60,5,27.276,5.179,0,-6.762,1.288
61,5,27.051,5.222,0,-6.762,1.288
62,5,26.826,5.265,0,-6.762,1.288
63,5,26.6,5.308,0,-6.762,1.288
64,5,26.375,5.351,0,-6.762,1.288
65,5,26.15,5.394,0,-6.762,1.288
66,5,25.924,5.437,0,-6.762,1.288
67,5,25.699,5.48,0,-6.762,1.288
68,5,25.473,5.522,0,-6.762,1.288
69,5,25.248,5.565,0,-6.762,1.288
70,5,25.023,5.608,0,-6.762,1.288
71,5,24.93,5.83,0,-2.791,6.655
72,5,24.836,6.052,0,-2.791,6.655
73,5,24.743,6.274,0,-2.791,6.655
74,5,24.65,6.496,0,-2.791,6.655
75,5,24.557,6.717,0,-2.791,6.655
76,5,24.464,6.939,0,-2.791,6.655
77,5,24.371,7.161,0,-2.791,6.655
78,5,24.278,7.383,0,-2.791,6.655
79,5,24.336,7.612,0,1.717,6.869
80,5,24.393,7.841,0,1.717,6.869
81,5,24.45,8.07,0,1.717,6.869
82,5,24.507,8.299,0,1.717,6.869
83,5,24.565,8.528,0,1.717,6.869
84,5,24.622,8.757,0,1.717,6.869
85,5,24.698,8.967,0,2.29,6.297
86,5,24.774,9.177,0,2.29,6.297
87,5,24.851,9.386,0,2.29,6.297
88,5,24.927,9.596,0,2.29,6.297
89,5,25.003,9.806,0,2.29,6.297
90,5,25.08,10.016,0,2.29,6.297
91,5,25.156,10.226,0,2.29,6.297
92,5,25.232,10.436,0,2.29,6.297
93,5,25.309,10.646,0,2.29,6.297
94,5,25.407,10.867,0,2.944,6.624
95,5,25.505,11.087,0,2.944,6.624
96,5,25.603,11.308,0,2.944,6.624
97,5,25.701,11.529,0,2.944,6.624
98,5,25.799,11.75,0,2.944,6.624
99,5,25.898,11.971,0,2.944,6.624
100,5,25.996,12.191,0,2.944,6.624
101,5,26.117,12.382,0,3.625,5.724
102,5,26.237,12.573,0,3.625,5.724
103,5,26.358,12.764,0,3.625,5.724
104,5,26.479,12.955,0,3.625,5.724
105,5,26.6,13.145,0,3.625,5.724
106,5,26.721,13.336,0,3.625,5.724
107,5,26.842,13.527,0,3.625,5.724
108,5,26.962,13.718,0,3.625,5.724
109,5,27.083,13.909,0,3.625,5.724
110,5,27.083,14.129,0,0,6.605
111,5,27.083,14.349,0,0,6.605
112,5,27.083,14.569,0,0,6.605
113,5,27.083,14.789,0,0,6.605
114,5,27.083,15.009,0,0,6.605
115,5,27.083,15.23,0,0,6.605
116,5,27.083,15.45,0,0,6.605
117,5,27.083,15.67,0,0,6.605
118,5,27.083,15.89,0,0,6.605
119,5,27.083,16.11,0,0,6.605
120,5,27.083,16.33,0,0,6.605
121,5,27.083,16.551,0,0,6.605
122,5,27.083,16.771,0,0,6.605
123,5,27.127,17,0,1.321,6.869
124,5,27.171,17.229,0,1.321,6.869
125,5,27.215,17.458,0,1.321,6.869
126,5,27.259,17.687,0,1.321,6.869
127,5,27.303,17.916,0,1.321,6.869
128,5,27.347,18.145,0,1.321,6.869
129,5,27.392,18.374,0,1.321,6.869
130,5,27.436,18.603,0,1.321,6.869
131,5,27.48,18.832,0,1.321,6.869
132,5,27.524,19.061,0,1.321,6.869
133,5,27.568,19.29,0,1.321,6.869
134,5,27.612,19.519,0,1.321,6.869
135,5,27.656,19.747,0,1.321,6.869
136,5,27.609,19.976,0,-1.405,6.869
137,5,27.562,20.205,0,-1.405,6.869
138,5,27.515,20.434,0,-1.405,6.869
139,5,27.468,20.663,0,-1.405,6.869
140,5,27.422,20.892,0,-1.405,6.869
141,5,27.375,21.121,0,-1.405,6.869
142,5,27.328,21.35,0,-1.405,6.869
143,5,27.281,21.579,0,-1.405,6.869
144,5,27.234,21.808,0,-1.405,6.869
145,5,27.187,22.037,0,-1.405,6.869
146,5,27.141,22.266,0,-1.405,6.869
147,5,27.107,22.49,0,-1.002,6.726
148,5,27.074,22.715,0,-1.002,6.726
149,5,27.04,22.939,0,-1.002,6.726
150,5,27.007,23.163,0,-1.002,6.726
151,5,26.974,23.387,0,-1.002,6.726
152,5,26.94,23.611,0,-1.002,6.726
153,5,26.907,23.836,0,-1.002,6.726
154,5,26.873,24.06,0,-1.002,6.726
155,5,26.84,24.284,0,-1.002,6.726
156,5,26.807,24.508,0,-1.002,6.726
157,5,26.773,24.732,0,-1.002,6.726
158,5,26.74,24.957,0,-1.002,6.726
159,5,26.677,25.18,0,-1.873,6.713
160,5,26.615,25.404,0,-1.873,6.713
161,5,26.552,25.628,0,-1.873,6.713
162,5,26.49,25.852,0,-1.873,6.713
163,5,26.428,26.075,0,-1.873,6.713
164,5,26.365,26.299,0,-1.873,6.713
165,5,26.303,26.523,0,-1.873,6.713
166,5,26.24,26.747,0,-1.873,6.713
167,5,26.178,26.971,0,-1.873,6.713
168,5,26.115,27.194,0,-1.873,6.713
169,5,26.053,27.418,0,-1.873,6.713
170,5,25.955,27.639,0,-2.944,6.624
171,5,25.857,27.86,0,-2.944,6.624
172,5,25.759,28.08,0,-2.944,6.624
173,5,25.66,28.301,0,-2.944,6.624
174,5,25.562,28.522,0,-2.944,6.624
175,5,25.464,28.743,0,-2.944,6.624
176,5,25.366,28.964,0,-2.944,6.624
177,5,25.156,28.868,0,-6.297,-2.862
178,5,24.946,28.773,0,-6.297,-2.862
179,5,24.736,28.677,0,-6.297,-2.862
180,5,24.526,28.582,0,-6.297,-2.862
181,5,24.317,28.487,0,-6.297,-2.862
182,5,24.107,28.391,0,-6.297,-2.862
183,5,24.1,28.15,0,-0.191,-7.251
184,5,24.094,27.908,0,-0.191,-7.251
185,5,24.088,27.666,0,-0.191,-7.251
186,5,24.081,27.424,0,-0.191,-7.251
187,5,24.075,27.183,0,-0.191,-7.251
188,5,24.068,26.941,0,-0.191,-7.251
189,5,24.062,26.699,0,-0.191,-7.251
190,5,24.056,26.458,0,-0.191,-7.251
191,5,24.049,26.216,0,-0.191,-7.251
192,5,24.121,26.001,0,2.147,-6.44
193,5,24.192,25.787,0,2.147,-6.44
194,5,24.264,25.572,0,2.147,-6.44
195,5,24.336,25.357,0,2.147,-6.44
196,5,24.407,25.143,0,2.147,-6.44
197,5,24.479,24.928,0,2.147,-6.44
198,5,24.55,24.713,0,2.147,-6.44
199,5,24.622,24.499,0,2.147,-6.44
200,5,24.864,24.467,0,7.251,-0.954
201,5,25.105,24.435,0,7.251,-0.954
202,5,25.347,24.403,0,7.251,-0.954
203,5,25.589,24.371,0,7.251,-0.954
204,5,25.83,24.34,0,7.251,-0.954
205,5,26.072,24.308,0,7.251,-0.954
206,5,26.314,24.276,0,7.251,-0.954
207,5,26.555,24.244,0,7.251,-0.954
208,5,26.797,24.212,0,7.251,-0.954
209,5,27.022,24.164,0,6.737,-1.453
210,5,27.246,24.116,0,6.737,-1.453
211,5,27.471,24.067,0,6.737,-1.453
212,5,27.695,24.019,0,6.737,-1.453
213,5,27.92,23.97,0,6.737,-1.453
214,5,28.144,23.922,0,6.737,-1.453
215,5,28.369,23.873,0,6.737,-1.453
216,5,28.594,23.825,0,6.737,-1.453
217,5,28.818,23.777,0,6.737,-1.453
218,5,29.043,23.728,0,6.737,-1.453
219,5,29.267,23.68,0,6.737,-1.453
220,5,29.492,23.631,0,6.737,-1.453
221,5,29.716,23.583,0,6.737,-1.453
222,5,29.933,23.546,0,6.501,-1.104
223,5,30.15,23.509,0,6.501,-1.104
224,5,30.367,23.472,0,6.501,-1.104
225,5,30.583,23.436,0,6.501,-1.104
226,5,30.8,23.399,0,6.501,-1.104
227,5,31.017,23.362,0,6.501,-1.104
228,5,31.233,23.325,0,6.501,-1.104
229,5,31.45,23.288,0,6.501,-1.104
230,5,31.667,23.252,0,6.501,-1.104
231,5,31.884,23.215,0,6.501,-1.104
232,5,32.1,23.178,0,6.501,-1.104
233,5,32.317,23.141,0,6.501,-1.104
234,5,32.534,23.104,0,6.501,-1.104
235,5,32.75,23.068,0,6.501,-1.104
236,5,32.979,22.991,0,6.869,-2.29
237,5,33.208,22.915,0,6.869,-2.29
238,5,33.437,22.839,0,6.869,-2.29
239,5,33.666,22.762,0,6.869,-2.29
240,5,33.895,22.686,0,6.869,-2.29
241,5,34.124,22.61,0,6.869,-2.29
242,5,34.353,22.605,0,6.869,-0.132
243,5,34.582,22.601,0,6.869,-0.132
244,5,34.811,22.596,0,6.869,-0.132
245,5,35.04,22.592,0,6.869,-0.132
246,5,35.269,22.588,0,6.869,-0.132
247,5,35.498,22.583,0,6.869,-0.132
248,5,35.727,22.579,0,6.869,-0.132
249,5,35.956,22.574,0,6.869,-0.132
250,5,36.185,22.57,0,6.869,-0.132
251,5,36.414,22.566,0,6.869,-0.132
252,5,36.643,22.561,0,6.869,-0.132
253,5,36.872,22.557,0,6.869,-0.132
254,5,37.101,22.552,0,6.869,-0.132
255,5,37.387,22.567,0,8.587,0.429
256,5,37.673,22.581,0,8.587,0.429
257,5,37.96,22.595,0,8.587,0.429
258,5,38.246,22.61,0,8.587,0.429
259,5,38.468,22.552,0,6.655,-1.717
260,5,38.689,22.495,0,6.655,-1.717
261,5,38.911,22.438,0,6.655,-1.717
262,5,39.133,22.381,0,6.655,-1.717
263,5,39.355,22.323,0,6.655,-1.717
264,5,39.577,22.266,0,6.655,-1.717
265,5,39.798,22.209,0,6.655,-1.717
266,5,40.02,22.152,0,6.655,-1.717
267,5,40.266,22.086,0,7.36,-1.963
268,5,40.511,22.021,0,7.36,-1.963
269,5,40.756,21.955,0,7.36,-1.963
270,5,41.002,21.89,0,7.36,-1.963
271,5,41.247,21.825,0,7.36,-1.963
272,5,41.492,21.759,0,7.36,-1.963
273,5,41.738,21.694,0,7.36,-1.963
274,5,41.738,21.694,0,0,0
275,5,41.738,21.694,0,0,0
276,5,41.738,21.694,0,0,0
277,5,41.738,21.694,0,0,0
278,5,41.738,21.694,0,0,0
279,5,41.738,21.694,0,0,0
280,5,41.738,21.694,0,0,0
281,5,41.738,21.694,0,0,0
282,5,41.738,21.694,0,0,0
283,5,41.738,21.694,0,0,0
284,5,41.738,21.694,0,0,0
285,5,41.738,21.694,0,0,0
286,5,41.738,21.694,0,0,0
287,5,41.738,21.694,0,0,0
288,5,41.738,21.694,0,0,0
289,5,41.738,21.694,0,0,0
290,5,41.738,21.694,0,0,0
291,5,41.738,21.694,0,0,0
292,5,41.738,21.694,0,0,0
293,5,41.738,21.694,0,0,0
294,5,41.738,21.694,0,0,0
295,5,41.738,21.694,0,0,0
296,5,41.738,21.694,0,0,0
297,5,41.738,21.694,0,0,0
298,5,41.738,21.694,0,0,0
299,5,41.738,21.694,0,0,0
0,6,44.256,7.039,0,-3.893,2.404
1,6,44.127,7.12,0,-3.893,2.404
2,6,43.997,7.2,0,-3.893,2.404
3,6,43.867,7.28,0,-3.893,2.404
4,6,43.737,7.36,0,-3.893,2.404
5,6,43.608,7.44,0,-3.893,2.404
6,6,43.478,7.52,0,-3.893,2.404
7,6,43.348,7.6,0,-3.893,2.404
8,6,43.218,7.681,0,-3.893,2.404
9,6,43.089,7.761,0,-3.893,2.404
10,6,42.959,7.841,0,-3.893,2.404
11,6,42.829,7.921,0,-3.893,2.404
12,6,42.699,8.001,0,-3.893,2.404
13,6,42.57,8.081,0,-3.893,2.404
14,6,42.44,8.161,0,-3.893,2.404
15,6,42.31,8.242,0,-3.893,2.404
16,6,42.176,8.329,0,-4.007,2.633
17,6,42.043,8.417,0,-4.007,2.633
18,6,41.909,8.505,0,-4.007,2.633
19,6,41.776,8.593,0,-4.007,2.633
20,6,41.642,8.68,0,-4.007,2.633
21,6,41.509,8.768,0,-4.007,2.633
22,6,41.375,8.856,0,-4.007,2.633
23,6,41.241,8.944,0,-4.007,2.633
24,6,41.108,9.032,0,-4.007,2.633
25,6,40.974,9.119,0,-4.007,2.633
26,6,40.841,9.207,0,-4.007,2.633
27,6,40.707,9.295,0,-4.007,2.633
28,6,40.574,9.383,0,-4.007,2.633
29,6,40.44,9.47,0,-4.007,2.633
30,6,40.307,9.558,0,-4.007,2.633
31,6,40.27,9.714,0,-1.093,4.684
32,6,40.234,9.87,0,-1.093,4.684
33,6,40.197,10.027,0,-1.093,4.684
34,6,40.161,10.183,0,-1.093,4.684
35,6,40.124,10.339,0,-1.093,4.684
36,6,40.088,10.495,0,-1.093,4.684
37,6,40.052,10.651,0,-1.093,4.684
38,6,40.015,10.807,0,-1.093,4.684
39,6,39.979,10.963,0,-1.093,4.684
40,6,39.942,11.119,0,-1.093,4.684
41,6,39.906,11.275,0,-1.093,4.684
42,6,39.92,11.447,0,0.429,5.152
43,6,39.934,11.619,0,0.429,5.152
44,6,39.949,11.791,0,0.429,5.152
45,6,39.963,11.962,0,0.429,5.152
46,6,39.923,12.111,0,-1.202,4.465
47,6,39.883,12.26,0,-1.202,4.465
48,6,39.843,12.409,0,-1.202,4.465
49,6,39.803,12.558,0,-1.202,4.465
50,6,39.763,12.707,0,-1.202,4.465
51,6,39.723,12.855,0,-1.202,4.465
52,6,39.683,13.004,0,-1.202,4.465
53,6,39.642,13.153,0,-1.202,4.465
54,6,39.602,13.302,0,-1.202,4.465
55,6,39.562,13.451,0,-1.202,4.465
56,6,39.448,13.559,0,-3.435,3.263
57,6,39.333,13.668,0,-3.435,3.263
58,6,39.219,13.777,0,-3.435,3.263
59,6,39.104,13.886,0,-3.435,3.263
60,6,38.99,13.995,0,-3.435,3.263
61,6,38.875,14.103,0,-3.435,3.263
62,6,38.761,14.212,0,-3.435,3.263
63,6,38.646,14.321,0,-3.435,3.263
64,6,38.532,14.43,0,-3.435,3.263
65,6,38.417,14.538,0,-3.435,3.263
66,6,38.267,14.524,0,-4.508,-0.429
67,6,38.117,14.51,0,-4.508,-0.429
68,6,37.967,14.495,0,-4.508,-0.429
69,6,37.816,14.481,0,-4.508,-0.429
70,6,37.666,14.467,0,-4.508,-0.429
71,6,37.516,14.452,0,-4.508,-0.429
72,6,37.366,14.438,0,-4.508,-0.429
73,6,37.215,14.424,0,-4.508,-0.429
74,6,37.065,14.41,0,-4.508,-0.429
75,6,36.915,14.395,0,-4.508,-0.429
76,6,36.765,14.381,0,-4.508,-0.429
77,6,36.614,14.367,0,-4.508,-0.429
78,6,36.464,14.352,0,-4.508,-0.429
79,6,36.314,14.338,0,-4.508,-0.429
80,6,36.164,14.324,0,-4.508,-0.429
81,6,36.013,14.309,0,-4.508,-0.429
82,6,35.864,14.268,0,-4.484,-1.24
83,6,35.714,14.227,0,-4.484,-1.24
84,6,35.565,14.185,0,-4.484,-1.24
85,6,35.415,14.144,0,-4.484,-1.24
86,6,35.266,14.103,0,-4.484,-1.24
87,6,35.116,14.061,0,-4.484,-1.24
88,6,34.967,14.02,0,-4.484,-1.24
89,6,34.818,13.979,0,-4.484,-1.24
90,6,34.668,13.937,0,-4.484,-1.24
91,6,34.519,13.896,0,-4.484,-1.24
92,6,34.369,13.855,0,-4.484,-1.24
93,6,34.22,13.813,0,-4.484,-1.24
94,6,34.07,13.772,0,-4.484,-1.24
95,6,33.921,13.731,0,-4.484,-1.24
96,6,33.771,13.689,0,-4.484,-1.24
97,6,33.622,13.648,0,-4.484,-1.24
98,6,33.472,13.607,0,-4.484,-1.24
99,6,33.323,13.565,0,-4.484,-1.24
100,6,33.157,13.542,0,-4.98,-0.687
101,6,32.991,13.519,0,-4.98,-0.687
102,6,32.825,13.497,0,-4.98,-0.687
103,6,32.659,13.474,0,-4.98,-0.687
104,6,32.493,13.451,0,-4.98,-0.687
105,6,32.327,13.428,0,-4.98,-0.687
106,6,32.161,13.405,0,-4.98,-0.687
107,6,31.995,13.382,0,-4.98,-0.687
108,6,31.829,13.359,0,-4.98,-0.687
109,6,31.663,13.336,0,-4.98,-0.687
110,6,31.637,13.498,0,-0.781,4.84
111,6,31.611,13.659,0,-0.781,4.84
112,6,31.585,13.82,0,-0.781,4.84
113,6,31.559,13.982,0,-0.781,4.84
114,6,31.533,14.143,0,-0.781,4.84
115,6,31.507,14.304,0,-0.781,4.84
116,6,31.481,14.465,0,-0.781,4.84
117,6,31.455,14.627,0,-0.781,4.84
118,6,31.429,14.788,0,-0.781,4.84
119,6,31.403,14.949,0,-0.781,4.84
120,6,31.377,15.111,0,-0.781,4.84
121,6,31.393,15.27,0,0.491,4.784
122,6,31.409,15.43,0,0.491,4.784
123,6,31.426,15.589,0,0.491,4.784
124,6,31.442,15.749,0,0.491,4.784
125,6,31.458,15.908,0,0.491,4.784
126,6,31.475,16.068,0,0.491,4.784
127,6,31.491,16.227,0,0.491,4.784
128,6,31.507,16.386,0,0.491,4.784
129,6,31.524,16.546,0,0.491,4.784
130,6,31.54,16.705,0,0.491,4.784
131,6,31.556,16.865,0,0.491,4.784
132,6,31.573,17.024,0,0.491,4.784
133,6,31.589,17.184,0,0.491,4.784
134,6,31.606,17.343,0,0.491,4.784
135,6,31.724,17.441,0,3.557,2.944
136,6,31.843,17.54,0,3.557,2.944
137,6,31.961,17.638,0,3.557,2.944
138,6,32.08,17.736,0,3.557,2.944
139,6,32.198,17.834,0,3.557,2.944
140,6,32.317,17.932,0,3.557,2.944
141,6,32.436,18.03,0,3.557,2.944
142,6,32.554,18.128,0,3.557,2.944
143,6,32.673,18.226,0,3.557,2.944
144,6,32.791,18.325,0,3.557,2.944
145,6,32.91,18.423,0,3.557,2.944
146,6,33.028,18.521,0,3.557,2.944
147,6,33.147,18.619,0,3.557,2.944
148,6,33.266,18.717,0,3.557,2.944
149,6,33.415,18.744,0,4.498,0.818
150,6,33.565,18.772,0,4.498,0.818
151,6,33.715,18.799,0,4.498,0.818
152,6,33.865,18.826,0,4.498,0.818
153,6,34.015,18.853,0,4.498,0.818
154,6,34.165,18.881,0,4.498,0.818
155,6,34.315,18.908,0,4.498,0.818
156,6,34.465,18.935,0,4.498,0.818
157,6,34.615,18.962,0,4.498,0.818
158,6,34.765,18.99,0,4.498,0.818
159,6,34.915,19.017,0,4.498,0.818
160,6,35.065,19.044,0,4.498,0.818
161,6,35.215,19.071,0,4.498,0.818
162,6,35.364,19.099,0,4.498,0.818
163,6,35.514,19.126,0,4.498,0.818
164,6,35.664,19.153,0,4.498,0.818
165,6,35.814,19.18,0,4.498,0.818
166,6,35.964,19.208,0,4.498,0.818
167,6,36.114,19.235,0,4.498,0.818
168,6,36.264,19.262,0,4.498,0.818
169,6,36.414,19.29,0,4.498,0.818
170,6,36.568,19.338,0,4.624,1.453
171,6,36.722,19.386,0,4.624,1.453
172,6,36.876,19.435,0,4.624,1.453
173,6,37.03,19.483,0,4.624,1.453
174,6,37.185,19.532,0,4.624,1.453
175,6,37.339,19.58,0,4.624,1.453
176,6,37.493,19.629,0,4.624,1.453
177,6,37.647,19.677,0,4.624,1.453
178,6,37.801,19.725,0,4.624,1.453
179,6,37.955,19.774,0,4.624,1.453
180,6,38.109,19.822,0,4.624,1.453
181,6,38.263,19.871,0,4.624,1.453
182,6,38.417,19.919,0,4.624,1.453
183,6,38.575,19.919,0,4.723,0
184,6,38.732,19.919,0,4.723,0
185,6,38.89,19.919,0,4.723,0
186,6,39.047,19.919,0,4.723,0
187,6,39.205,19.919,0,4.723,0
188,6,39.362,19.919,0,4.723,0
189,6,39.519,19.919,0,4.723,0
190,6,39.677,19.919,0,4.723,0
191,6,39.834,19.919,0,4.723,0
192,6,39.992,19.919,0,4.723,0
193,6,40.149,19.919,0,4.723,0
194,6,40.307,19.919,0,4.723,0
195,6,40.467,19.896,0,4.808,-0.687
196,6,40.627,19.873,0,4.808,-0.687
197,6,40.787,19.851,0,4.808,-0.687
198,6,40.948,19.828,0,4.808,-0.687
199,6,41.108,19.805,0,4.808,-0.687
200,6,41.268,19.782,0,4.808,-0.687
201,6,41.428,19.759,0,4.808,-0.687
202,6,41.589,19.736,0,4.808,-0.687
203,6,41.749,19.713,0,4.808,-0.687
204,6,41.909,19.69,0,4.808,-0.687
205,6,42.059,19.646,0,4.491,-1.321
206,6,42.209,19.602,0,4.491,-1.321
207,6,42.358,19.558,0,4.491,-1.321
208,6,42.508,19.514,0,4.491,-1.321
209,6,42.658,19.47,0,4.491,-1.321
210,6,42.808,19.426,0,4.491,-1.321
211,6,42.957,19.382,0,4.491,-1.321
212,6,43.107,19.338,0,4.491,-1.321
213,6,43.257,19.294,0,4.491,-1.321
214,6,43.406,19.25,0,4.491,-1.321
215,6,43.556,19.206,0,4.491,-1.321
216,6,43.706,19.162,0,4.491,-1.321
217,6,43.856,19.118,0,4.491,-1.321
218,6,43.999,19.065,0,4.293,-1.574
219,6,44.142,19.013,0,4.293,-1.574
220,6,44.285,18.96,0,4.293,-1.574
221,6,44.428,18.908,0,4.293,-1.574
222,6,44.571,18.855,0,4.293,-1.574
223,6,44.714,18.803,0,4.293,-1.574
224,6,44.857,18.75,0,4.293,-1.574
225,6,45,18.698,0,4.293,-1.574
226,6,45.144,18.646,0,4.293,-1.574
227,6,45.287,18.593,0,4.293,-1.574
228,6,45.43,18.541,0,4.293,-1.574
229,6,45.573,18.488,0,4.293,-1.574
230,6,45.719,18.418,0,4.389,-2.099
231,6,45.865,18.348,0,4.389,-2.099
232,6,46.012,18.278,0,4.389,-2.099
233,6,46.158,18.208,0,4.389,-2.099
234,6,46.304,18.138,0,4.389,-2.099
235,6,46.451,18.068,0,4.389,-2.099
236,6,46.597,17.998,0,4.389,-2.099
237,6,46.743,17.928,0,4.389,-2.099
238,6,46.89,17.858,0,4.389,-2.099
239,6,47.021,17.767,0,3.95,-2.748
240,6,47.153,17.675,0,3.95,-2.748
241,6,47.284,17.584,0,3.95,-2.748
242,6,47.416,17.492,0,3.95,-2.748
243,6,47.548,17.401,0,3.95,-2.748
244,6,47.679,17.309,0,3.95,-2.748
245,6,47.811,17.217,0,3.95,-2.748
246,6,47.943,17.126,0,3.95,-2.748
247,6,48.074,17.034,0,3.95,-2.748
248,6,48.206,16.943,0,3.95,-2.748
249,6,48.303,16.811,0,2.919,-3.95
250,6,48.401,16.679,0,2.919,-3.95
251,6,48.498,16.548,0,2.919,-3.95
252,6,48.595,16.416,0,2.919,-3.95
253,6,48.693,16.284,0,2.919,-3.95
254,6,48.79,16.153,0,2.919,-3.95
255,6,48.887,16.021,0,2.919,-3.95
256,6,48.985,15.889,0,2.919,-3.95
257,6,49.082,15.758,0,2.919,-3.95
258,6,49.179,15.626,0,2.919,-3.95
259,6,49.253,15.487,0,2.208,-4.171
260,6,49.326,15.348,0,2.208,-4.171
261,6,49.4,15.209,0,2.208,-4.171
262,6,49.474,15.07,0,2.208,-4.171
263,6,49.547,14.931,0,2.208,-4.171
264,6,49.621,14.792,0,2.208,-4.171
265,6,49.694,14.653,0,2.208,-4.171
266,6,49.752,14.503,0,1.717,-4.491
267,6,49.809,14.353,0,1.717,-4.491
268,6,49.866,14.204,0,1.717,-4.491
269,6,49.923,14.054,0,1.717,-4.491
270,6,49.981,13.904,0,1.717,-4.491
271,6,50.038,13.755,0,1.717,-4.491
272,6,50.095,13.605,0,1.717,-4.491
273,6,50.152,13.455,0,1.717,-4.491
274,6,50.21,13.305,0,1.717,-4.491
275,6,50.267,13.156,0,1.717,-4.491
276,6,50.324,13.006,0,1.717,-4.491
277,6,50.381,12.856,0,1.717,-4.491
278,6,50.439,12.707,0,1.717,-4.491
279,6,50.439,12.707,0,0,0
280,6,50.439,12.707,0,0,0
281,6,50.439,12.707,0,0,0
282,6,50.439,12.707,0,0,0
283,6,50.439,12.707,0,0,0
284,6,50.439,12.707,0,0,0
285,6,50.439,12.707,0,0,0
286,6,50.439,12.707,0,0,0
287,6,50.439,12.707,0,0,0
288,6,50.439,12.707,0,0,0
289,6,50.439,12.707,0,0,0
290,6,50.439,12.707,0,0,0
291,6,50.439,12.707,0,0,0
292,6,50.439,12.707,0,0,0
293,6,50.439,12.707,0,0,0
294,6,50.439,12.707,0,0,0
295,6,50.439,12.707,0,0,0
296,6,50.439,12.707,0,0,0
297,6,50.439,12.707,0,0,0
298,6,50.439,12.707,0,0,0
299,6,50.439,12.707,0,0,0
0,7,53.129,5.093,0,-4.079,-2.147
1,7,52.993,5.022,0,-4.079,-2.147
2,7,52.857,4.95,0,-4.079,-2.147
3,7,52.721,4.879,0,-4.079,-2.147
4,7,52.585,4.807,0,-4.079,-2.147
5,7,52.449,4.735,0,-4.079,-2.147
6,7,52.313,4.664,0,-4.079,-2.147
7,7,52.177,4.592,0,-4.079,-2.147
8,7,52.041,4.521,0,-4.079,-2.147
9,7,51.908,4.471,0,-4.007,-1.488
10,7,51.774,4.422,0,-4.007,-1.488
11,7,51.641,4.372,0,-4.007,-1.488
12,7,51.507,4.322,0,-4.007,-1.488
13,7,51.374,4.273,0,-4.007,-1.488
14,7,51.24,4.223,0,-4.007,-1.488
15,7,51.106,4.173,0,-4.007,-1.488
16,7,50.973,4.124,0,-4.007,-1.488
17,7,50.839,4.074,0,-4.007,-1.488
18,7,50.706,4.025,0,-4.007,-1.488
19,7,50.572,3.975,0,-4.007,-1.488
20,7,50.439,3.925,0,-4.007,-1.488
21,7,50.305,3.876,0,-4.007,-1.488
22,7,50.171,3.826,0,-4.007,-1.488
23,7,50.038,3.777,0,-4.007,-1.488
24,7,49.896,3.746,0,-4.243,-0.909
25,7,49.755,3.716,0,-4.243,-0.909
26,7,49.614,3.686,0,-4.243,-0.909
27,7,49.472,3.655,0,-4.243,-0.909
28,7,49.331,3.625,0,-4.243,-0.909
29,7,49.189,3.595,0,-4.243,-0.909
30,7,49.048,3.564,0,-4.243,-0.909
31,7,48.906,3.534,0,-4.243,-0.909
32,7,48.765,3.504,0,-4.243,-0.909
33,7,48.624,3.474,0,-4.243,-0.909
34,7,48.482,3.443,0,-4.243,-0.909
35,7,48.341,3.413,0,-4.243,-0.909
36,7,48.199,3.383,0,-4.243,-0.909
37,7,48.058,3.352,0,-4.243,-0.909
38,7,47.917,3.322,0,-4.243,-0.909
39,7,47.775,3.292,0,-4.243,-0.909
40,7,47.634,3.261,0,-4.243,-0.909
41,7,47.493,3.259,0,-4.222,-0.072
42,7,47.352,3.257,0,-4.222,-0.072
43,7,47.211,3.254,0,-4.222,-0.072
44,7,47.071,3.252,0,-4.222,-0.072
45,7,46.93,3.249,0,-4.222,-0.072
46,7,46.789,3.247,0,-4.222,-0.072
47,7,46.649,3.245,0,-4.222,-0.072
48,7,46.508,3.242,0,-4.222,-0.072
49,7,46.367,3.24,0,-4.222,-0.072
50,7,46.226,3.238,0,-4.222,-0.072
51,7,46.086,3.235,0,-4.222,-0.072
52,7,45.945,3.233,0,-4.222,-0.072
53,7,45.804,3.23,0,-4.222,-0.072
54,7,45.664,3.228,0,-4.222,-0.072
55,7,45.523,3.226,0,-4.222,-0.072
56,7,45.382,3.223,0,-4.222,-0.072
57,7,45.241,3.221,0,-4.222,-0.072
58,7,45.101,3.218,0,-4.222,-0.072
59,7,44.96,3.216,0,-4.222,-0.072
60,7,44.819,3.214,0,-4.222,-0.072
61,7,44.678,3.211,0,-4.222,-0.072
62,7,44.538,3.209,0,-4.222,-0.072
63,7,44.397,3.207,0,-4.222,-0.072
64,7,44.256,3.204,0,-4.222,-0.072
65,7,44.107,3.204,0,-4.491,0
66,7,43.957,3.204,0,-4.491,0
67,7,43.807,3.204,0,-4.491,0
68,7,43.657,3.204,0,-4.491,0
69,7,43.508,3.204,0,-4.491,0
70,7,43.358,3.204,0,-4.491,0
71,7,43.208,3.204,0,-4.491,0
72,7,43.059,3.204,0,-4.491,0
73,7,42.909,3.204,0,-4.491,0
74,7,42.759,3.204,0,-4.491,0
75,7,42.609,3.204,0,-4.491,0
76,7,42.46,3.204,0,-4.491,0
77,7,42.31,3.204,0,-4.491,0
78,7,42.178,3.258,0,-3.971,1.61
79,7,42.045,3.311,0,-3.971,1.61
80,7,41.913,3.365,0,-3.971,1.61
81,7,41.781,3.419,0,-3.971,1.61
82,7,41.648,3.472,0,-3.971,1.61
83,7,41.516,3.526,0,-3.971,1.61
84,7,41.383,3.58,0,-3.971,1.61
85,7,41.251,3.633,0,-3.971,1.61
86,7,41.119,3.687,0,-3.971,1.61
87,7,40.986,3.741,0,-3.971,1.61
88,7,40.854,3.794,0,-3.971,1.61
89,7,40.722,3.848,0,-3.971,1.61
90,7,40.589,3.902,0,-3.971,1.61
91,7,40.457,3.955,0,-3.971,1.61
92,7,40.324,4.009,0,-3.971,1.61
93,7,40.192,4.063,0,-3.971,1.61
94,7,40.083,4.172,0,-3.263,3.263
95,7,39.974,4.28,0,-3.263,3.263
96,7,39.866,4.389,0,-3.263,3.263
97,7,39.757,4.498,0,-3.263,3.263
98,7,39.648,4.607,0,-3.263,3.263
99,7,39.539,4.715,0,-3.263,3.263
100,7,39.431,4.824,0,-3.263,3.263
101,7,39.322,4.933,0,-3.263,3.263
102,7,39.213,5.042,0,-3.263,3.263
103,7,39.104,5.15,0,-3.263,3.263
104,7,39.059,5.299,0,-1.374,4.465
105,7,39.013,5.448,0,-1.374,4.465
106,7,38.967,5.597,0,-1.374,4.465
107,7,38.921,5.746,0,-1.374,4.465
108,7,38.875,5.895,0,-1.374,4.465
109,7,38.844,6.04,0,-0.937,4.371
110,7,38.813,6.186,0,-0.937,4.371
111,7,38.782,6.332,0,-0.937,4.371
112,7,38.751,6.477,0,-0.937,4.371
113,7,38.719,6.623,0,-0.937,4.371
114,7,38.688,6.769,0,-0.937,4.371
115,7,38.657,6.915,0,-0.937,4.371
116,7,38.626,7.06,0,-0.937,4.371
117,7,38.594,7.206,0,-0.937,4.371
118,7,38.563,7.352,0,-0.937,4.371
119,7,38.532,7.497,0,-0.937,4.371
120,7,38.573,7.645,0,1.227,4.416
121,7,38.614,7.792,0,1.227,4.416
122,7,38.655,7.939,0,1.227,4.416
123,7,38.696,8.086,0,1.227,4.416
124,7,38.736,8.233,0,1.227,4.416
125,7,38.777,8.381,0,1.227,4.416
126,7,38.818,8.528,0,1.227,4.416
127,7,38.885,8.68,0,2.004,4.579
128,7,38.952,8.833,0,2.004,4.579
129,7,39.019,8.986,0,2.004,4.579
130,7,39.085,9.138,0,2.004,4.579
131,7,39.152,9.291,0,2.004,4.579
132,7,39.219,9.444,0,2.004,4.579
133,7,39.267,9.606,0,1.431,4.866
134,7,39.314,9.768,0,1.431,4.866
135,7,39.362,9.93,0,1.431,4.866
136,7,39.41,10.092,0,1.431,4.866
137,7,39.457,10.255,0,1.431,4.866
138,7,39.505,10.417,0,1.431,4.866
139,7,39.566,10.547,0,1.832,3.893
140,7,39.627,10.676,0,1.832,3.893
141,7,39.688,10.806,0,1.832,3.893
142,7,39.749,10.936,0,1.832,3.893
143,7,39.81,11.066,0,1.832,3.893
144,7,39.871,11.195,0,1.832,3.893
145,7,39.933,11.325,0,1.832,3.893
146,7,39.994,11.455,0,1.832,3.893
147,7,40.055,11.585,0,1.832,3.893
148,7,40.116,11.714,0,1.832,3.893
149,7,40.177,11.844,0,1.832,3.893
150,7,40.238,11.974,0,1.832,3.893
151,7,40.299,12.104,0,1.832,3.893
152,7,40.36,12.233,0,1.832,3.893
153,7,40.421,12.363,0,1.832,3.893
154,7,40.521,12.478,0,3.005,3.435
155,7,40.621,12.592,0,3.005,3.435
156,7,40.722,12.707,0,3.005,3.435
157,7,40.822,12.821,0,3.005,3.435
158,7,40.922,12.936,0,3.005,3.435
159,7,41.022,13.05,0,3.005,3.435
160,7,41.122,13.164,0,3.005,3.435
161,7,41.222,13.279,0,3.005,3.435
162,7,41.323,13.393,0,3.005,3.435
163,7,41.423,13.508,0,3.005,3.435
164,7,41.523,13.622,0,3.005,3.435
165,7,41.623,13.737,0,3.005,3.435
166,7,41.731,13.851,0,3.244,3.435
167,7,41.839,13.966,0,3.244,3.435
168,7,41.947,14.08,0,3.244,3.435
169,7,42.056,14.195,0,3.244,3.435
170,7,42.164,14.309,0,3.244,3.435
171,7,42.272,14.424,0,3.244,3.435
172,7,42.38,14.538,0,3.244,3.435
173,7,42.488,14.653,0,3.244,3.435
174,7,42.596,14.767,0,3.244,3.435
175,7,42.73,14.815,0,4.007,1.431
176,7,42.863,14.863,0,4.007,1.431
177,7,42.997,14.91,0,4.007,1.431
178,7,43.131,14.958,0,4.007,1.431
179,7,43.264,15.006,0,4.007,1.431
180,7,43.398,15.054,0,4.007,1.431
181,7,43.531,15.101,0,4.007,1.431
182,7,43.665,15.149,0,4.007,1.431
183,7,43.798,15.197,0,4.007,1.431
184,7,43.932,15.244,0,4.007,1.431
185,7,44.065,15.292,0,4.007,1.431
186,7,44.199,15.34,0,4.007,1.431
187,7,44.333,15.387,0,4.007,1.431
188,7,44.466,15.435,0,4.007,1.431
189,7,44.6,15.483,0,4.007,1.431
190,7,44.733,15.531,0,4.007,1.431
191,7,44.867,15.578,0,4.007,1.431
192,7,45,15.626,0,4.007,1.431
193,7,45.147,15.619,0,4.401,-0.215
194,7,45.294,15.612,0,4.401,-0.215
195,7,45.441,15.604,0,4.401,-0.215
196,7,45.587,15.597,0,4.401,-0.215
197,7,45.734,15.59,0,4.401,-0.215
198,7,45.881,15.583,0,4.401,-0.215
199,7,46.027,15.576,0,4.401,-0.215
200,7,46.174,15.569,0,4.401,-0.215
201,7,46.321,15.562,0,4.401,-0.215
202,7,46.467,15.554,0,4.401,-0.215
203,7,46.614,15.547,0,4.401,-0.215
204,7,46.761,15.54,0,4.401,-0.215
205,7,46.907,15.533,0,4.401,-0.215
206,7,47.054,15.526,0,4.401,-0.215
207,7,47.201,15.519,0,4.401,-0.215
208,7,47.347,15.511,0,4.401,-0.215
209,7,47.489,15.5,0,4.236,-0.343
210,7,47.63,15.489,0,4.236,-0.343
211,7,47.771,15.477,0,4.236,-0.343
212,7,47.912,15.466,0,4.236,-0.343
213,7,48.053,15.454,0,4.236,-0.343
214,7,48.195,15.443,0,4.236,-0.343
215,7,48.336,15.431,0,4.236,-0.343
216,7,48.477,15.42,0,4.236,-0.343
217,7,48.618,15.408,0,4.236,-0.343
218,7,48.759,15.397,0,4.236,-0.343
219,7,48.901,15.386,0,4.236,-0.343
220,7,49.042,15.374,0,4.236,-0.343
221,7,49.183,15.363,0,4.236,-0.343
222,7,49.324,15.351,0,4.236,-0.343
223,7,49.465,15.34,0,4.236,-0.343
224,7,49.623,15.354,0,4.723,0.429
225,7,49.78,15.368,0,4.723,0.429
226,7,49.938,15.383,0,4.723,0.429
227,7,50.095,15.397,0,4.723,0.429
228,7,50.253,15.411,0,4.723,0.429
229,7,50.41,15.426,0,4.723,0.429
230,7,50.567,15.44,0,4.723,0.429
231,7,50.725,15.454,0,4.723,0.429
232,7,50.875,15.428,0,4.491,-0.793
233,7,51.024,15.401,0,4.491,-0.793
234,7,51.174,15.375,0,4.491,-0.793
235,7,51.324,15.349,0,4.491,-0.793
236,7,51.473,15.322,0,4.491,-0.793
237,7,51.623,15.296,0,4.491,-0.793
238,7,51.773,15.269,0,4.491,-0.793
239,7,51.923,15.243,0,4.491,-0.793
240,7,52.072,15.216,0,4.491,-0.793
241,7,52.222,15.19,0,4.491,-0.793
242,7,52.372,15.164,0,4.491,-0.793
243,7,52.521,15.137,0,4.491,-0.793
244,7,52.671,15.111,0,4.491,-0.793
245,7,52.747,14.968,0,2.29,-4.293
246,7,52.824,14.825,0,2.29,-4.293
247,7,52.9,14.681,0,2.29,-4.293
248,7,52.976,14.538,0,2.29,-4.293
249,7,53.053,14.395,0,2.29,-4.293
250,7,53.129,14.252,0,2.29,-4.293
251,7,53.289,14.264,0,4.808,0.343
252,7,53.45,14.275,0,4.808,0.343
253,7,53.61,14.286,0,4.808,0.343
254,7,53.77,14.298,0,4.808,0.343
255,7,53.93,14.309,0,4.808,0.343
256,7,54.056,14.435,0,3.778,3.778
257,7,54.182,14.561,0,3.778,3.778
258,7,54.308,14.687,0,3.778,3.778
259,7,54.434,14.813,0,3.778,3.778
260,7,54.56,14.939,0,3.778,3.778
261,7,54.576,15.103,0,0.491,4.907
262,7,54.593,15.266,0,0.491,4.907
263,7,54.609,15.43,0,0.491,4.907
264,7,54.626,15.593,0,0.491,4.907
265,7,54.642,15.757,0,0.491,4.907
266,7,54.658,15.92,0,0.491,4.907
267,7,54.675,16.084,0,0.491,4.907
268,7,54.803,16.198,0,3.864,3.435
269,7,54.932,16.313,0,3.864,3.435
270,7,55.061,16.427,0,3.864,3.435
271,7,55.19,16.542,0,3.864,3.435
272,7,55.419,16.57,0,6.869,0.859
273,7,55.648,16.599,0,6.869,0.859
274,7,55.648,16.599,0,0,0
275,7,55.648,16.599,0,0,0
276,7,55.648,16.599,0,0,0
277,7,55.648,16.599,0,0,0
278,7,55.648,16.599,0,0,0
279,7,55.648,16.599,0,0,0
280,7,55.648,16.599,0,0,0
281,7,55.648,16.599,0,0,0
282,7,55.648,16.599,0,0,0
283,7,55.648,16.599,0,0,0
284,7,55.648,16.599,0,0,0
285,7,55.648,16.599,0,0,0
286,7,55.648,16.599,0,0,0
287,7,55.648,16.599,0,0,0
288,7,55.648,16.599,0,0,0
289,7,55.648,16.599,0,0,0
290,7,55.648,16.599,0,0,0
291,7,55.648,16.599,0,0,0
292,7,55.648,16.599,0,0,0
293,7,55.648,16.599,0,0,0
294,7,55.648,16.599,0,0,0
295,7,55.648,16.599,0,0,0
296,7,55.648,16.599,0,0,0
297,7,55.648,16.599,0,0,0
298,7,55.648,16.599,0,0,0
299,7,55.648,16.599,0,0,0
0,8,55.5,15,0,0,0
1,8,55.5,15,0,0,0
2,8,55.5,15,0,0,0
3,8,55.5,15,0,0,0
4,8,55.5,15,0,0,0
5,8,55.5,15,0,0,0
6,8,55.5,15,0,0,0
7,8,55.5,15,0,0,0
8,8,55.5,15,0,0,0
9,8,55.5,15,0,0,0
10,8,55.5,15,0,0,0
11,8,55.5,15,0,0,0
12,8,55.5,15,0,0,0
13,8,55.5,15,0,0,0
14,8,55.5,15,0,0,0
15,8,55.5,15,0,0,0
16,8,55.5,15,0,0,0
17,8,55.5,15,0,0,0
18,8,55.5,15,0,0,0
19,8,55.5,15,0,0,0
20,8,55.5,15,0,0,0
21,8,55.5,15,0,0,0
22,8,55.5,15,0,0,0
23,8,55.5,15,0,0,0
24,8,55.5,15,0,0,0
25,8,55.5,15,0,0,0
26,8,55.5,15,0,0,0
27,8,55.5,15,0,0,0
28,8,55.5,15,0,0,0
29,8,55.5,15,0,0,0
30,8,55.5,15,0,0,0
31,8,55.5,15,0,0,0
32,8,55.5,15,0,0,0
33,8,55.5,15,0,0,0
34,8,55.5,15,0,0,0
35,8,55.5,15,0,0,0
36,8,55.5,15,0,0,0
37,8,55.5,15,0,0,0
38,8,55.5,15,0,0,0
39,8,55.5,15,0,0,0
40,8,55.5,15,0,0,0
41,8,55.5,15,0,0,0
42,8,55.5,15,0,0,0
43,8,55.5,15,0,0,0
44,8,55.5,15,0,0,0
45,8,55.5,15,0,0,0
46,8,55.5,15,0,0,0
47,8,55.5,15,0,0,0
48,8,55.5,15,0,0,0
49,8,55.5,15,0,0,0
50,8,55.5,15,0,0,0
51,8,55.5,15,0,0,0
52,8,55.5,15,0,0,0
53,8,55.5,15,0,0,0
54,8,55.5,15,0,0,0
55,8,55.5,15,0,0,0
56,8,55.5,15,0,0,0
57,8,55.5,15,0,0,0
58,8,55.5,15,0,0,0
59,8,55.5,15,0,0,0
60,8,55.5,15,0,0,0
61,8,55.5,15,0,0,0
62,8,55.5,15,0,0,0
63,8,55.5,15,0,0,0
64,8,55.5,15,0,0,0
65,8,55.5,15,0,0,0
66,8,55.5,15,0,0,0
67,8,55.5,15,0,0,0
68,8,55.5,15,0,0,0
69,8,55.5,15,0,0,0
70,8,55.5,15,0,0,0
71,8,55.5,15,0,0,0
72,8,55.5,15,0,0,0
73,8,55.5,15,0,0,0
74,8,55.5,15,0,0,0
75,8,55.5,15,0,0,0
76,8,55.5,15,0,0,0
77,8,55.5,15,0,0,0
78,8,55.5,15,0,0,0
79,8,55.5,15,0,0,0
80,8,55.5,15,0,0,0
81,8,55.5,15,0,0,0
82,8,55.5,15,0,0,0
83,8,55.5,15,0,0,0
84,8,55.5,15,0,0,0
85,8,55.5,15,0,0,0
86,8,55.5,15,0,0,0
87,8,55.5,15,0,0,0
88,8,55.5,15,0,0,0
89,8,55.5,15,0,0,0
90,8,55.5,15,0,0,0
91,8,55.5,15,0,0,0
92,8,55.5,15,0,0,0
93,8,55.5,15,0,0,0
94,8,55.5,15,0,0,0
95,8,55.5,15,0,0,0
96,8,55.5,15,0,0,0
97,8,55.5,15,0,0,0
98,8,55.5,15,0,0,0
99,8,55.5,15,0,0,0
100,8,55.5,15,0,0,0
101,8,55.5,15,0,0,0
102,8,55.5,15,0,0,0
103,8,55.5,15,0,0,0
104,8,55.5,15,0,0,0
105,8,55.5,15,0,0,0
106,8,55.5,15,0,0,0
107,8,55.5,15,0,0,0
108,8,55.5,15,0,0,0
109,8,55.5,15,0,0,0
110,8,55.5,15,0,0,0
111,8,55.5,15,0,0,0
112,8,55.5,15,0,0,0
113,8,55.5,15,0,0,0
114,8,55.5,15,0,0,0
115,8,55.5,15,0,0,0
116,8,55.5,15,0,0,0
117,8,55.5,15,0,0,0
118,8,55.5,15,0,0,0
119,8,55.5,15,0,0,0
120,8,55.5,15,0,0,0
121,8,55.5,15,0,0,0
122,8,55.5,15,0,0,0
123,8,55.5,15,0,0,0
124,8,55.5,15,0,0,0
125,8,55.5,15,0,0,0
126,8,55.5,15,0,0,0
127,8,55.5,15,0,0,0
128,8,55.5,15,0,0,0
129,8,55.5,15,0,0,0
130,8,55.5,15,0,0,0
131,8,55.5,15,0,0,0
132,8,55.5,15,0,0,0
133,8,55.5,15,0,0,0
134,8,55.5,15,0,0,0
135,8,55.5,15,0,0,0
136,8,55.5,15,0,0,0
137,8,55.5,15,0,0,0
138,8,55.5,15,0,0,0
139,8,55.5,15,0,0,0
140,8,55.5,15,0,0,0
141,8,55.5,15,0,0,0
142,8,55.5,15,0,0,0
143,8,55.5,15,0,0,0
144,8,55.5,15,0,0,0
145,8,55.5,15,0,0,0
146,8,55.5,15,0,0,0
147,8,55.5,15,0,0,0
148,8,55.5,15,0,0,0
149,8,55.5,15,0,0,0
150,8,55.5,15,0,0,0
151,8,55.5,15,0,0,0
152,8,55.5,15,0,0,0
153,8,55.5,15,0,0,0
154,8,55.5,15,0,0,0
155,8,55.5,15,0,0,0
156,8,55.5,15,0,0,0
157,8,55.5,15,0,0,0
158,8,55.5,15,0,0,0
159,8,55.5,15,0,0,0
160,8,55.5,15,0,0,0
161,8,55.5,15,0,0,0
162,8,55.5,15,0,0,0
163,8,55.5,15,0,0,0
164,8,55.5,15,0,0,0
165,8,55.5,15,0,0,0
166,8,55.5,15,0,0,0
167,8,55.5,15,0,0,0
168,8,55.5,15,0,0,0
169,8,55.5,15,0,0,0
170,8,55.5,15,0,0,0
171,8,55.5,15,0,0,0
172,8,55.5,15,0,0,0
173,8,55.5,15,0,0,0
174,8,55.5,15,0,0,0
175,8,55.5,15,0,0,0
176,8,55.5,15,0,0,0
177,8,55.5,15,0,0,0
178,8,55.5,15,0,0,0
179,8,55.5,15,0,0,0
180,8,55.5,15,0,0,0
181,8,55.5,15,0,0,0
182,8,55.5,15,0,0,0
183,8,55.5,15,0,0,0
184,8,55.5,15,0,0,0
185,8,55.5,15,0,0,0
186,8,55.5,15,0,0,0
187,8,55.5,15,0,0,0
188,8,55.5,15,0,0,0
189,8,55.5,15,0,0,0
190,8,55.5,15,0,0,0
191,8,55.5,15,0,0,0
192,8,55.5,15,0,0,0
193,8,55.5,15,0,0,0
194,8,55.5,15,0,0,0
195,8,55.5,15,0,0,0
196,8,55.5,15,0,0,0
197,8,55.5,15,0,0,0
198,8,55.5,15,0,0,0
199,8,55.5,15,0,0,0
200,8,55.5,15,0,0,0
201,8,55.5,15,0,0,0
202,8,55.5,15,0,0,0
203,8,55.5,15,0,0,0
204,8,55.5,15,0,0,0
205,8,55.5,15,0,0,0
206,8,55.5,15,0,0,0
207,8,55.5,15,0,0,0
208,8,55.5,15,0,0,0
209,8,55.5,15,0,0,0
210,8,55.5,15,0,0,0
211,8,55.5,15,0,0,0
212,8,55.5,15,0,0,0
213,8,55.5,15,0,0,0
214,8,55.5,15,0,0,0
215,8,55.5,15,0,0,0
216,8,55.5,15,0,0,0
217,8,55.5,15,0,0,0
218,8,55.5,15,0,0,0
219,8,55.5,15,0,0,0
220,8,55.5,15,0,0,0
221,8,55.5,15,0,0,0
222,8,55.5,15,0,0,0
223,8,55.5,15,0,0,0
224,8,55.5,15,0,0,0
225,8,55.5,15,0,0,0
226,8,55.5,15,0,0,0
227,8,55.5,15,0,0,0
228,8,55.5,15,0,0,0
229,8,55.5,15,0,0,0
230,8,55.5,15,0,0,0
231,8,55.5,15,0,0,0
232,8,55.5,15,0,0,0
233,8,55.5,15,0,0,0
234,8,55.5,15,0,0,0
235,8,55.5,15,0,0,0
236,8,55.5,15,0,0,0
237,8,55.5,15,0,0,0
238,8,55.5,15,0,0,0
239,8,55.5,15,0,0,0
240,8,55.5,15,0,0,0
241,8,55.5,15,0,0,0
242,8,55.5,15,0,0,0
243,8,55.5,15,0,0,0
244,8,55.5,15,0,0,0
245,8,55.5,15,0,0,0
246,8,55.5,15,0,0,0
247,8,55.5,15,0,0,0
248,8,55.5,15,0,0,0
249,8,55.5,15,0,0,0
250,8,55.5,15,0,0,0
251,8,55.5,15,0,0,0
252,8,55.5,15,0,0,0
253,8,55.5,15,0,0,0
254,8,55.5,15,0,0,0
255,8,55.5,15,0,0,0
256,8,55.5,15,0,0,0
257,8,55.5,15,0,0,0
258,8,55.5,15,0,0,0
259,8,55.5,15,0,0,0
260,8,55.5,15,0,0,0
261,8,55.5,15,0,0,0
262,8,55.5,15,0,0,0
263,8,55.5,15,0,0,0
264,8,55.5,15,0,0,0
265,8,55.5,15,0,0,0
266,8,55.5,15,0,0,0
267,8,55.5,15,0,0,0
268,8,55.5,15,0,0,0
269,8,55.5,15,0,0,0
270,8,55.5,15,0,0,0
271,8,55.5,15,0,0,0
272,8,55.5,15,0,0,0
273,8,55.5,15,0,0,0
274,8,55.5,15,0,0,0
275,8,55.5,15,0,0,0
276,8,55.5,15,0,0,0
277,8,55.5,15,0,0,0
278,8,55.5,15,0,0,0
279,8,55.5,15,0,0,0
280,8,55.5,15,0,0,0
281,8,55.5,15,0,0,0
282,8,55.5,15,0,0,0
283,8,55.5,15,0,0,0
284,8,55.5,15,0,0,0
285,8,55.5,15,0,0,0
286,8,55.5,15,0,0,0
287,8,55.5,15,0,0,0
288,8,55.5,15,0,0,0
289,8,55.5,15,0,0,0
290,8,55.5,15,0,0,0
291,8,55.5,15,0,0,0
292,8,55.5,15,0,0,0
293,8,55.5,15,0,0,0
294,8,55.5,15,0,0,0
295,8,55.5,15,0,0,0
296,8,55.5,15,0,0,0
297,8,55.5,15,0,0,0
298,8,55.5,15,0,0,0
299,8,55.5,15,0,0,0
