timeframe,player_id,x,y,vx,vy
1,1,30.5,27.0,0.0,0.0
2,1,29.585,27.0,-0.9149999999999991,0.0
3,1,28.67,27.0,-0.9149999999999991,0.0
4,1,27.755,27.0,-0.9150000000000027,0.0
5,1,26.84,27.0,-0.9149999999999991,0.0
6,1,25.925,27.0,-0.9149999999999991,0.0
7,1,25.01,27.0,-0.9149999999999991,0.0
8,1,24.095,27.0,-0.9150000000000027,0.0
9,1,23.546,27.07651816,-0.5489999999999995,0.07651815999999911
10,1,23.18,27.22917961,-0.36599999999999966,0.1526614500000001
11,1,22.814,27.45181224,-0.36599999999999966,0.22263262999999966
12,1,22.448,27.72836996,-0.36599999999999966,0.27655771999999956
13,1,22.082,28.03892008,-0.36599999999999966,0.31055012000000204
14,1,21.716,28.36107992,-0.36599999999999966,0.3221598400000012
15,1,21.35,28.67163004,-0.36599999999999966,0.3105501199999985
16,1,20.984,28.94818776,-0.36599999999999966,0.27655771999999956
17,1,20.618,29.17082039,-0.3660000000000032,0.22263262999999966
18,1,20.252,29.32348184,-0.36599999999999966,0.1526614500000001
19,1,19.886,29.39516915,-0.36599999999999966,0.0716873100000015
20,1,19.52,29.38071551,-0.36599999999999966,-0.014453639999999268
21,1,19.40627334,29.38071551,-0.11372666000000109,0.0
22,1,19.13277583,29.38071551,-0.27349750999999856,0.0
23,1,18.72627932,29.38071551,-0.4064965100000002,0.0
24,1,18.22657451,29.38071551,-0.4997048100000008,0.0
25,1,17.68257599,29.38071551,-0.5439985199999988,0.0
26,1,17.14753413,29.38071551,-0.5350418599999998,0.0
27,1,16.67382256,29.38071551,-0.47371156999999897,0.0
28,1,16.30781145,29.38071551,-0.3660111100000023,0.0
29,1,16.08532853,29.38071551,-0.22248291999999736,0.0
30,1,16.02815199,29.38071551,-0.057176540000000386,0.0
31,1,16.21115199,29.29071551,0.18299999999999983,-0.09000000000000341
32,1,16.39415199,29.20071551,0.18299999999999983,-0.08999999999999986
33,1,16.57715199,29.11071551,0.18299999999999983,-0.08999999999999986
34,1,16.76015199,29.02071551,0.18299999999999983,-0.08999999999999986
35,1,16.94315199,28.93071551,0.18299999999999983,-0.08999999999999986
36,1,17.12615199,28.84071551,0.18299999999999983,-0.08999999999999986
37,1,17.30915199,28.75071551,0.18299999999999983,-0.08999999999999986
38,1,17.49215199,28.66071551,0.18299999999999983,-0.08999999999999986
39,1,17.67515199,28.57071551,0.18299999999999983,-0.08999999999999986
40,1,17.85815199,28.48071551,0.18299999999999983,-0.08999999999999986
41,1,18.04115199,28.30071551,0.18299999999999983,-0.17999999999999972
42,1,18.22415199,28.12071551,0.18299999999999983,-0.17999999999999972
43,1,18.40715199,27.94071551,0.18299999999999983,-0.17999999999999972
44,1,18.59015199,27.76071551,0.18299999999999983,-0.17999999999999972
45,1,18.77315199,27.58071551,0.18299999999999983,-0.17999999999999972
46,1,18.95615199,27.40071551,0.18299999999999983,-0.17999999999999972
47,1,19.13915199,27.22071551,0.18299999999999983,-0.17999999999999972
48,1,19.32215199,27.04071551,0.18299999999999983,-0.18000000000000327
49,1,19.50515199,26.86071551,0.18300000000000338,-0.17999999999999972
50,1,19.68815199,26.68071551,0.18299999999999983,-0.17999999999999972
51,1,19.87115199,26.50071551,0.18299999999999983,-0.17999999999999972
52,1,20.05415199,26.32071551,0.18299999999999983,-0.17999999999999972
53,1,20.23715199,26.14071551,0.18299999999999983,-0.17999999999999972
54,1,20.42015199,25.96071551,0.18299999999999983,-0.17999999999999972
55,1,20.60315199,25.78071551,0.18299999999999983,-0.17999999999999972
56,1,20.78615199,25.60071551,0.18299999999999983,-0.17999999999999972
57,1,20.96915199,25.42071551,0.18299999999999983,-0.17999999999999972
58,1,21.15215199,25.24071551,0.18299999999999983,-0.17999999999999972
59,1,21.31075199,24.91071551,0.15859999999999985,-0.33000000000000185
60,1,21.45715199,24.50571551,0.14639999999999986,-0.4049999999999976
61,1,21.60355199,24.10071551,0.14639999999999986,-0.40500000000000114
62,1,21.74995199,23.69571551,0.14639999999999986,-0.40500000000000114
63,1,21.89635199,23.29071551,0.14639999999999986,-0.40500000000000114
64,1,22.04275199,22.88571551,0.14639999999999986,-0.4049999999999976
65,1,22.18915199,22.48071551,0.14639999999999986,-0.40500000000000114
66,1,22.18915199,22.03071551,0.0,-0.4499999999999993
67,1,22.18915199,21.58071551,0.0,-0.4499999999999993
68,1,22.18915199,21.13071551,0.0,-0.4499999999999993
69,1,22.18915199,20.68071551,0.0,-0.45000000000000284
70,1,22.18915199,20.23071551,0.0,-0.4499999999999993
71,1,22.18915199,19.78071551,0.0,-0.4499999999999993
72,1,22.18915199,19.33071551,0.0,-0.4499999999999993
73,1,22.18915199,18.88071551,0.0,-0.4499999999999993
74,1,22.18915199,18.43071551,0.0,-0.45000000000000284
75,1,22.18915199,17.98071551,0.0,-0.4499999999999993
76,1,22.18915199,17.53071551,0.0,-0.4499999999999993
77,1,22.18915199,17.08071551,0.0,-0.4499999999999993
78,1,22.18915199,16.63071551,0.0,-0.4499999999999993
79,1,22.18915199,16.18071551,0.0,-0.45000000000000284
80,1,22.18915199,15.73071551,0.0,-0.4499999999999993
81,1,22.00615199,15.59451836,-0.18299999999999983,-0.1361971499999992
82,1,21.82315199,15.48801041,-0.18299999999999983,-0.10650795000000102
83,1,21.64015199,15.434409,-0.18299999999999983,-0.05360140999999885
84,1,21.45715199,15.44539855,-0.18299999999999983,0.010989549999999682
85,1,21.27415199,15.51858347,-0.18299999999999983,0.07318491999999921
86,1,21.09115199,15.63801041,-0.18299999999999983,0.11942694000000031
87,1,20.90815199,15.79671551,-0.18299999999999983,0.1587051000000006
88,1,20.72515199,15.99471551,-0.18299999999999983,0.1980000000000004
89,1,20.54215199,16.19271551,-0.18299999999999983,0.19799999999999862
90,1,20.35915199,16.39071551,-0.18299999999999983,0.1980000000000004
91,1,20.17615199,16.58871551,-0.18299999999999983,0.1980000000000004
92,1,19.99315199,16.78671551,-0.18299999999999983,0.1980000000000004
93,1,19.81015199,16.98471551,-0.18299999999999983,0.1980000000000004
94,1,19.62715199,17.18271551,-0.18299999999999983,0.1980000000000004
95,1,19.44415199,17.38071551,-0.18299999999999983,0.1980000000000004
96,1,19.26115199,17.57871551,-0.18300000000000338,0.19799999999999685
97,1,19.07815199,17.77671551,-0.18299999999999983,0.1980000000000004
98,1,18.89515199,17.97471551,-0.18299999999999983,0.1980000000000004
99,1,18.71215199,18.17271551,-0.18299999999999983,0.1980000000000004
100,1,18.52915199,18.37071551,-0.18299999999999983,0.1980000000000004
101,1,18.34615199,18.56871551,-0.18299999999999983,0.1980000000000004
102,1,18.16315199,18.76671551,-0.18299999999999983,0.1980000000000004
103,1,17.98015199,18.96471551,-0.18299999999999983,0.1980000000000004
104,1,17.79715199,19.16271551,-0.18299999999999983,0.1980000000000004
105,1,17.61415199,19.36071551,-0.18299999999999983,0.19799999999999685
106,1,17.61415199,19.43271551,0.0,0.07200000000000273
107,1,17.61415199,19.50471551,0.0,0.07199999999999918
108,1,17.61415199,19.57671551,0.0,0.07199999999999918
109,1,17.61415199,19.64871551,0.0,0.07199999999999918
110,1,17.61415199,19.72071551,0.0,0.07200000000000273
111,1,17.61415199,19.79271551,0.0,0.07199999999999918
112,1,17.61415199,19.86471551,0.0,0.07199999999999918
113,1,17.61415199,19.93671551,0.0,0.07199999999999918
114,1,17.61415199,20.00871551,0.0,0.07199999999999918
115,1,17.61415199,20.08071551,0.0,0.07200000000000273
116,1,17.61415199,20.26071551,0.0,0.17999999999999972
117,1,17.61415199,20.44071551,0.0,0.17999999999999972
118,1,17.61415199,20.62071551,0.0,0.17999999999999972
119,1,17.61415199,20.80071551,0.0,0.17999999999999972
1,2,26.84,11.1,0.0,0.0
2,2,26.84,11.55,0.0,0.45000000000000107
3,2,26.84,12.0,0.0,0.4499999999999993
4,2,26.84,12.45,0.0,0.4499999999999993
5,2,26.84,12.9,0.0,0.45000000000000107
6,2,26.84,13.35,0.0,0.4499999999999993
7,2,26.84,13.8,0.0,0.45000000000000107
8,2,26.84,14.25,0.0,0.4499999999999993
9,2,26.4984,14.58,-0.3415999999999997,0.33000000000000007
10,2,25.986,14.85,-0.5123999999999995,0.2699999999999996
11,2,25.4736,15.12,-0.5123999999999995,0.2699999999999996
12,2,24.9612,15.39,-0.5123999999999995,0.27000000000000135
13,2,24.4488,15.66,-0.5124000000000031,0.2699999999999996
14,2,23.9364,15.93,-0.5123999999999995,0.2699999999999996
15,2,23.424,16.2,-0.5123999999999995,0.2699999999999996
16,2,22.9116,16.47,-0.5123999999999995,0.2699999999999996
17,2,22.3992,16.74,-0.5123999999999995,0.2699999999999996
18,2,21.8868,17.01,-0.5123999999999995,0.2700000000000031
19,2,21.4964,17.268,-0.39039999999999964,0.2579999999999991
20,2,21.167,17.52,-0.3293999999999997,0.2519999999999989
21,2,20.8376,17.772,-0.32940000000000325,0.2519999999999989
22,2,20.5082,18.024,-0.3293999999999997,0.25200000000000244
23,2,20.1788,18.276,-0.3293999999999997,0.2519999999999989
24,2,19.8494,18.528,-0.3293999999999997,0.2519999999999989
25,2,19.52,18.78,-0.3293999999999997,0.25200000000000244
26,2,18.99315313,19.15107996,-0.52684687,0.37107995999999943
27,2,18.51835866,19.46846027,-0.4747944699999991,0.3173803100000008
28,2,18.11243644,19.86772803,-0.4059222200000008,0.3992677599999972
29,2,17.78976646,20.33473898,-0.3226699800000006,0.46701095000000237
30,2,17.56177946,20.85294902,-0.22798699999999883,0.5182100399999996
31,2,17.43655199,21.4040003,-0.12522746999999868,0.5510512799999994
32,2,17.41852031,21.96837156,-0.018031679999999994,0.5643712600000015
33,2,17.50832319,22.52606966,0.08980287999999703,0.5576980999999996
34,2,17.70277932,23.05733787,0.1944561300000025,0.5312682100000004
35,2,17.995,23.54335576,0.2922206799999998,0.4860178899999994
36,2,18.37463316,23.96690588,0.37963315999999736,0.42355011999999803
37,2,18.70025681,24.36305098,0.3256236500000007,0.3961451000000018
38,2,18.79175681,24.83105098,0.09149999999999991,0.46799999999999997
39,2,18.88325681,25.29905098,0.09149999999999991,0.46799999999999997
40,2,18.97475681,25.76705098,0.09149999999999991,0.46799999999999997
41,2,19.06625681,26.23505098,0.09149999999999991,0.46799999999999997
42,2,19.15775681,26.70305098,0.09149999999999991,0.46799999999999997
43,2,19.24925681,27.17105098,0.09149999999999991,0.46799999999999997
44,2,19.34075681,27.63905098,0.09149999999999991,0.46799999999999997
45,2,19.43225681,28.10705098,0.09149999999999991,0.46799999999999997
46,2,19.52375681,28.57505098,0.09149999999999991,0.46799999999999997
47,2,19.49325681,28.88705098,-0.03049999999999997,0.31200000000000117
48,2,19.21875681,28.88705098,-0.27449999999999974,0.0
49,2,18.94425681,28.88705098,-0.27449999999999974,0.0
50,2,18.66975681,28.88705098,-0.27449999999999974,0.0
51,2,18.39525681,28.88705098,-0.27449999999999974,0.0
52,2,18.12075681,28.88705098,-0.27449999999999974,0.0
53,2,17.84625681,28.88705098,-0.27449999999999974,0.0
54,2,17.57175681,28.88705098,-0.27449999999999974,0.0
55,2,17.29725681,28.88705098,-0.27449999999999974,0.0
56,2,16.98615681,28.73405098,-0.3110999999999997,-0.15300000000000225
57,2,16.67505681,28.58105098,-0.3110999999999997,-0.1529999999999987
58,2,16.36395681,28.42805098,-0.3110999999999997,-0.15300000000000225
59,2,16.05285681,28.27505098,-0.3110999999999997,-0.1529999999999987
60,2,15.74175681,28.12205098,-0.3111000000000015,-0.1529999999999987
61,2,15.43065681,27.96905098,-0.3110999999999997,-0.15300000000000225
62,2,15.11955681,27.81605098,-0.3110999999999997,-0.1529999999999987
63,2,14.80845681,27.66305098,-0.3111000000000015,-0.1529999999999987
64,2,14.49735681,27.51005098,-0.3110999999999997,-0.15300000000000225
65,2,14.18625681,27.35705098,-0.3110999999999997,-0.1529999999999987
66,2,13.87515681,27.20405098,-0.3110999999999997,-0.1529999999999987
67,2,13.56405681,27.05105098,-0.3110999999999997,-0.15300000000000225
68,2,13.25295681,26.89805098,-0.3110999999999997,-0.1529999999999987
69,2,12.77283328,26.82855499,-0.4801235300000002,-0.06949599000000006
70,2,12.21850338,26.73176267,-0.5543299000000008,-0.09679232000000226
71,2,11.68090492,26.55339008,-0.5375984599999999,-0.1783725899999986
72,2,11.16480964,26.29591003,-0.51609528,-0.2574800499999981
73,2,10.67479845,25.96289197,-0.4900111899999988,-0.33301806000000056
74,2,10.21522071,25.55895257,-0.4595777400000003,-0.4039394000000023
75,2,9.790155685,25.08969167,-0.4250650250000003,-0.4692608999999983
76,2,9.403376269,24.56161468,-0.38677941599999954,-0.5280769899999989
77,2,9.058315547,23.98204237,-0.34506072200000126,-0.5795723100000032
78,2,8.758036302,23.35900941,-0.3002792449999987,-0.6230329599999997
79,2,8.668367253,23.14315158,-0.08966904900000117,-0.21585782999999736
80,2,8.668367253,23.14315158,0.0,0.0
81,2,8.668367253,23.14315158,0.0,0.0
82,2,8.668367253,23.14315158,0.0,0.0
83,2,8.668367253,23.14315158,0.0,0.0
84,2,8.668367253,23.14315158,0.0,0.0
85,2,8.668367253,23.14315158,0.0,0.0
86,2,8.668367253,23.14315158,0.0,0.0
87,2,8.668367253,23.14315158,0.0,0.0
88,2,8.668367253,23.14315158,0.0,0.0
89,2,8.668367253,23.14315158,0.0,0.0
90,2,8.668367253,23.14315158,0.0,0.0
91,2,8.668367253,23.14315158,0.0,0.0
92,2,8.668367253,23.14315158,0.0,0.0
93,2,8.668367253,23.14315158,0.0,0.0
94,2,8.668367253,23.14315158,0.0,0.0
95,2,8.668367253,23.14315158,0.0,0.0
96,2,8.668367253,23.14315158,0.0,0.0
97,2,8.668367253,23.14315158,0.0,0.0
98,2,8.668367253,23.14315158,0.0,0.0
99,2,8.668367253,23.14315158,0.0,0.0
100,2,8.668367253,23.14315158,0.0,0.0
101,2,8.668367253,23.14315158,0.0,0.0
102,2,8.668367253,23.14315158,0.0,0.0
103,2,8.668367253,23.14315158,0.0,0.0
104,2,8.485367253,23.14315158,-0.18299999999999983,0.0
105,2,8.210867253,23.14315158,-0.27449999999999974,0.0
106,2,7.936367253,23.14315158,-0.27449999999999974,0.0
107,2,7.657573302,23.14315158,-0.27879395099999993,0.0
108,2,7.371667158,23.16046262,-0.28590614400000014,0.017311039999999167
109,2,7.091052555,23.19831228,-0.2806146030000001,0.03784965999999912
110,2,6.819619678,23.25617583,-0.2714328770000005,0.05786355000000043
111,2,6.561131423,23.33325112,-0.2584882549999996,0.0770752899999998
112,2,6.319171237,23.42846964,-0.24196018600000002,0.09521851999999953
113,2,6.097093433,23.54051137,-0.22207780399999955,0.1120417300000014
114,2,5.897976696,23.66782306,-0.19911673700000065,0.1273116899999991
115,2,5.724581399,23.80863978,-0.1733952969999999,0.14081672000000012
116,2,5.579311334,23.96100938,-0.14527006500000006,0.1523696000000001
117,2,5.464180393,24.12281955,-0.11513094099999943,0.16181016999999898
118,2,5.380784647,24.29182709,-0.08339574600000077,0.16900754000000262
119,2,5.330280218,24.46568904,-0.050504428999999185,0.17386194999999915
1,3,35.502,16.2,0.0,0.0
2,3,35.319,16.2,-0.18299999999999983,0.0
3,3,35.136,16.2,-0.18299999999999983,0.0
4,3,34.953,16.2,-0.18299999999999983,0.0
5,3,34.77,16.2,-0.18299999999999983,0.0
6,3,34.59086685,17.12705098,-0.17913315000000551,0.9270509800000006
7,3,34.0710022,17.96335576,-0.5198646499999953,0.836304779999999
8,3,33.26129402,18.62705098,-0.8097081800000012,0.663695220000001
9,3,32.2410022,19.05316955,-1.0202918200000042,0.42611856999999986
10,3,31.11,19.2,-1.1310021999999975,0.1468304499999995
11,3,30.195,19.2,-0.9149999999999991,0.0
12,3,29.3288,19.29,-0.8661999999999992,0.08999999999999986
13,3,28.5602,19.56,-0.7686000000000028,0.2699999999999996
14,3,27.7916,19.83,-0.7685999999999993,0.2699999999999996
15,3,27.023,20.1,-0.7685999999999993,0.2700000000000031
16,3,26.2544,20.37,-0.7685999999999993,0.2699999999999996
17,3,25.4858,20.64,-0.7685999999999993,0.2699999999999996
18,3,24.7172,20.91,-0.7686000000000028,0.2699999999999996
19,3,23.9486,21.18,-0.7685999999999993,0.2699999999999996
20,3,23.18,21.45,-0.7685999999999993,0.2699999999999996
21,3,22.5212,21.45,-0.6587999999999994,0.0
22,3,21.89048892,21.45591981,-0.6307110800000011,0.005919810000001746
23,3,21.32349584,21.54425052,-0.5669930799999996,0.08833070999999748
24,3,20.78337316,21.73551884,-0.5401226799999996,0.1912683200000025
25,3,20.28925498,22.02294902,-0.49411818000000096,0.28743017999999765
26,3,19.85864569,22.39635868,-0.4306092899999996,0.3734096600000001
27,3,19.50679983,22.84251962,-0.35184586000000095,0.44616094000000217
28,3,19.24618172,23.34562634,-0.26061810999999935,0.5031067199999981
29,3,19.08602389,23.88785606,-0.16015782999999928,0.5422297200000017
30,3,19.032,24.45,-0.05402388999999985,0.5621439399999986
31,3,19.05120216,25.29321592,0.01920215999999897,0.8432159200000022
32,3,19.1152653,26.10656049,0.0640631400000018,0.8133445699999982
33,3,19.21951254,26.86122058,0.10424723999999941,0.7546600900000016
34,3,19.36025088,27.53046198,0.14073833999999863,0.6692413999999971
35,3,19.5324946,28.09057647,0.17224372000000088,0.5601144900000001
36,3,19.73014187,28.52172174,0.19764727000000093,0.4311452700000018
37,3,19.94619095,28.80862423,0.21604907999999767,0.28690248999999923
38,3,20.17298817,28.94112028,0.2267972200000017,0.1324960500000003
39,3,20.40249915,28.91451616,0.2295109800000006,-0.026604119999998233
40,3,20.62659334,28.72975432,0.22409418999999886,-0.18476184000000018
41,3,20.83733209,28.39338006,0.21073875000000086,-0.33637426000000303
42,3,21.02724988,27.91730959,0.1899177899999991,-0.4760704699999998
43,3,21.18961876,27.31840795,0.16236887999999894,-0.5989016399999976
44,3,21.31868676,26.61789153,0.12906800000000018,-0.7005164199999996
45,3,21.40988156,25.84057647,0.09119480000000024,-0.7773150600000029
46,3,21.48308156,25.32757647,0.07319999999999993,-0.5129999999999981
47,3,21.55628156,24.81457647,0.07319999999999993,-0.5130000000000017
48,3,21.62948156,24.30157647,0.07319999999999993,-0.5129999999999981
49,3,21.70268156,23.78857647,0.07319999999999993,-0.5130000000000017
50,3,21.77588156,23.27557647,0.07319999999999993,-0.5129999999999981
51,3,21.84908156,22.76257647,0.07319999999999993,-0.5130000000000017
52,3,21.92228156,22.24957647,0.07319999999999993,-0.5129999999999981
53,3,21.99548156,21.73657647,0.07320000000000348,-0.5130000000000017
54,3,22.06868156,21.22357647,0.07319999999999993,-0.5129999999999981
55,3,22.14188156,20.71057647,0.07319999999999993,-0.5130000000000017
56,3,22.21508156,20.19757647,0.07319999999999993,-0.5129999999999981
57,3,22.28828156,19.68457647,0.07319999999999993,-0.5130000000000017
58,3,22.36148156,19.17157647,0.07319999999999993,-0.5129999999999981
59,3,22.36148156,18.73057647,0.0,-0.4410000000000025
60,3,22.32488156,18.32557647,-0.036599999999999966,-0.4049999999999976
61,3,22.28828156,17.92057647,-0.036599999999999966,-0.40500000000000114
62,3,22.25168156,17.51557647,-0.036599999999999966,-0.40500000000000114
63,3,22.21508156,17.11057647,-0.036599999999999966,-0.4049999999999976
64,3,22.17848156,16.70557647,-0.036599999999999966,-0.40500000000000114
65,3,22.14188156,16.30057647,-0.036599999999999966,-0.40500000000000114
66,3,22.10528156,15.89557647,-0.036599999999999966,-0.40499999999999936
67,3,22.06868156,15.49057647,-0.036599999999999966,-0.40499999999999936
68,3,22.03208156,15.08557647,-0.036599999999999966,-0.40500000000000114
69,3,21.99548156,14.68057647,-0.036599999999999966,-0.40499999999999936
70,3,21.95888156,14.27557647,-0.03660000000000352,-0.40499999999999936
71,3,21.92228156,13.87057647,-0.036599999999999966,-0.40500000000000114
72,3,21.85518156,13.43257647,-0.06709999999999994,-0.43799999999999883
73,3,21.72708156,12.92857647,-0.12809999999999988,-0.5040000000000013
74,3,21.59898156,12.42457647,-0.12809999999999988,-0.5039999999999996
75,3,21.47088156,11.92057647,-0.12809999999999988,-0.5039999999999996
76,3,21.34278156,11.41657647,-0.12809999999999988,-0.5039999999999996
77,3,21.21468156,10.91257647,-0.12809999999999988,-0.5040000000000013
78,3,21.08658156,10.40857647,-0.12809999999999988,-0.5039999999999996
79,3,20.95848156,9.904576475,-0.12809999999999988,-0.5039999949999991
80,3,20.83038156,9.400576475,-0.12809999999999988,-0.5040000000000013
81,3,20.70228156,8.896576475,-0.12809999999999988,-0.5039999999999996
82,3,20.61688156,8.506792889,-0.08539999999999992,-0.38978358600000007
83,3,20.50755841,8.34975158,-0.10932314999999804,-0.15704130900000024
84,3,20.2747497,8.207905323,-0.23280871000000047,-0.1418462569999992
85,3,19.93523494,8.091477585,-0.33951476000000014,-0.1164277380000005
86,3,19.51348441,8.008859811,-0.4217505300000006,-0.08261777399999914
87,3,19.03989548,7.966006618,-0.4735889300000018,-0.0428531930000009
88,3,18.54860172,7.966006618,-0.4912937599999978,0.0
89,3,18.07501279,8.008859811,-0.4735889300000018,0.0428531930000009
90,3,17.65326226,8.091477585,-0.42175052999999707,0.08261777399999914
91,3,17.36046226,8.208477585,-0.2928000000000033,0.11700000000000088
92,3,17.06766226,8.325477585,-0.2927999999999997,0.1169999999999991
93,3,16.77486226,8.442477585,-0.2927999999999997,0.11700000000000088
94,3,16.48206226,8.559477585,-0.2927999999999997,0.1169999999999991
95,3,16.18926226,8.676477585,-0.2927999999999997,0.11700000000000088
96,3,15.89646226,8.793477585,-0.2927999999999997,0.1169999999999991
97,3,15.60366226,8.910477585,-0.2927999999999997,0.11700000000000088
98,3,15.31086226,9.027477585,-0.2927999999999997,0.1169999999999991
99,3,14.90826226,9.066477585,-0.4025999999999996,0.0389999999999997
100,3,14.45076226,9.066477585,-0.45750000000000135,0.0
101,3,13.99326226,9.066477585,-0.4574999999999996,0.0
102,3,13.53576226,9.066477585,-0.4574999999999996,0.0
103,3,13.07826226,9.066477585,-0.4574999999999996,0.0
104,3,12.62076226,9.066477585,-0.45750000000000135,0.0
105,3,12.16326226,9.066477585,-0.4574999999999996,0.0
106,3,11.70576226,9.066477585,-0.4574999999999996,0.0
107,3,11.21776226,9.156477585,-0.48799999999999955,0.08999999999999986
108,3,10.66876226,9.426477585,-0.5490000000000013,0.27000000000000135
109,3,10.11976226,9.696477585,-0.5489999999999995,0.2699999999999996
110,3,9.570762263,9.966477585,-0.5489999969999992,0.2699999999999996
111,3,9.021762263,10.23647759,-0.5490000000000013,0.270000005
112,3,8.528237538,10.4279816,-0.49352472499999855,0.19150401000000095
113,3,8.159543559,10.59803212,-0.36869397900000145,0.17005051999999843
114,3,7.839422923,10.95587345,-0.3201206359999995,0.3578413300000012
115,3,7.599211271,11.46647759,-0.24021165200000016,0.5106041399999999
116,3,7.46242219,12.07986303,-0.13678908099999987,0.6133854400000001
117,3,7.441862263,12.60647759,-0.020559926999999867,0.5266145600000005
118,3,7.460162263,12.87647759,0.018299999999999983,0.2699999999999996
119,3,7.478462263,13.14647759,0.018299999999999983,0.2699999999999996
1,4,34.16,11.76,0.0,0.0
2,4,34.16,11.22,0.0,-0.5399999999999991
3,4,34.16,10.68,0.0,-0.5400000000000009
4,4,34.16,10.14,0.0,-0.5399999999999991
5,4,34.16,9.6,0.0,-0.5400000000000009
6,4,34.16,9.06,0.0,-0.5399999999999991
7,4,34.16,8.52,0.0,-0.5400000000000009
8,4,34.16,7.98,0.0,-0.5399999999999991
9,4,34.16,7.44,0.0,-0.54
10,4,34.16,6.9,0.0,-0.54
11,4,34.16,6.36,0.0,-0.54
12,4,34.16,5.82,0.0,-0.54
13,4,34.16,5.28,0.0,-0.54
14,4,34.648,4.86,0.48800000000000665,-0.41999999999999993
15,4,35.38,4.5,0.7319999999999993,-0.3600000000000003
16,4,36.112,4.14,0.7319999999999993,-0.3600000000000003
17,4,36.844,3.78,0.7319999999999993,-0.3599999999999999
18,4,37.576,3.42,0.7319999999999993,-0.3599999999999999
19,4,38.308,3.06,0.7319999999999993,-0.3599999999999999
20,4,39.04,2.7,0.7319999999999993,-0.3599999999999999
21,4,39.772,2.34,0.7319999999999993,-0.3600000000000003
22,4,40.504,1.98,0.7319999999999993,-0.3599999999999999
23,4,41.236,1.62,0.7319999999999993,-0.3599999999999999
24,4,41.968,1.26,0.7320000000000064,-0.3600000000000001
25,4,42.7,0.9,0.7319999999999993,-0.36
26,4,41.8399,1.395,-0.8601000000000028,0.495
27,4,40.9798,1.89,-0.8601000000000028,0.4949999999999999
28,4,40.1197,2.385,-0.8600999999999956,0.4949999999999999
29,4,39.2596,2.88,-0.8601000000000028,0.4950000000000001
30,4,38.3995,3.375,-0.8600999999999956,0.4950000000000001
31,4,37.5394,3.87,-0.8601000000000028,0.4950000000000001
32,4,36.6793,4.365,-0.8601000000000028,0.4950000000000001
33,4,35.8192,4.86,-0.8600999999999956,0.4950000000000001
34,4,34.9591,5.355,-0.8601000000000028,0.4950000000000001
35,4,34.099,5.85,-0.8601000000000028,0.4949999999999992
36,4,33.2389,6.345,-0.8600999999999956,0.4950000000000001
37,4,32.3788,6.84,-0.8601000000000028,0.4950000000000001
38,4,31.5187,7.335,-0.8600999999999992,0.4950000000000001
39,4,30.6586,7.83,-0.8600999999999992,0.4950000000000001
40,4,29.7985,8.325,-0.8600999999999992,0.4949999999999992
41,4,28.9384,8.82,-0.8600999999999992,0.495000000000001
42,4,28.182,9.06,-0.7564000000000028,0.2400000000000002
43,4,27.633,8.79,-0.5489999999999995,-0.27000000000000135
44,4,27.084,8.52,-0.5489999999999995,-0.2699999999999996
45,4,26.535,8.25,-0.5489999999999995,-0.2699999999999996
46,4,25.986,7.98,-0.5489999999999995,-0.2699999999999996
47,4,25.437,7.71,-0.5489999999999995,-0.27000000000000046
48,4,24.888,7.44,-0.5489999999999995,-0.2699999999999996
49,4,24.339,7.17,-0.549000000000003,-0.27000000000000046
50,4,23.79,6.9,-0.5489999999999995,-0.2699999999999996
51,4,23.241,6.63,-0.5489999999999995,-0.27000000000000046
52,4,22.692,6.36,-0.5489999999999995,-0.2699999999999996
53,4,22.143,6.09,-0.5489999999999995,-0.27000000000000046
54,4,21.594,5.82,-0.5489999999999995,-0.2699999999999996
55,4,21.045,5.55,-0.5489999999999995,-0.27000000000000046
56,4,20.496,5.28,-0.549000000000003,-0.2699999999999996
57,4,19.947,5.079,-0.5489999999999995,-0.2010000000000005
58,4,19.398,5.016,-0.5489999999999995,-0.06299999999999972
59,4,18.849,4.953,-0.5489999999999995,-0.06299999999999972
60,4,18.3,4.89,-0.5489999999999995,-0.06300000000000061
61,4,17.751,4.827,-0.5489999999999995,-0.06299999999999972
62,4,17.32123764,4.785,-0.42976236000000156,-0.041999999999999815
63,4,17.13689065,4.687828275,-0.1843469899999981,-0.09717172499999993
64,4,16.97683033,4.483347516,-0.16006032000000303,-0.20448075899999996
65,4,16.8567245,4.191573726,-0.12010582999999997,-0.2917737900000006
66,4,16.78832996,3.841067755,-0.06839453999999989,-0.3505059709999996
67,4,16.775,3.591573726,-0.013329960000000085,-0.24949402900000006
68,4,16.775,3.591573726,0.0,0.0
69,4,16.775,3.351573726,0.0,-0.2400000000000002
70,4,16.775,2.991573726,0.0,-0.3599999999999999
71,4,16.775,2.631573726,0.0,-0.3599999999999999
72,4,16.775,2.271573726,0.0,-0.3599999999999999
73,4,16.775,1.911573726,0.0,-0.3600000000000001
74,4,16.775,1.551573726,0.0,-0.3600000000000001
75,4,16.775,1.191573726,0.0,-0.3599999999999999
76,4,16.8665,1.065573726,0.09149999999999991,-0.1260000000000001
77,4,16.958,0.939573726,0.09149999999999991,-0.126
78,4,17.0495,0.813573726,0.09149999999999991,-0.126
79,4,17.141,0.687573726,0.09149999999999991,-0.126
80,4,17.2325,0.561573726,0.09150000000000347,-0.126
81,4,17.324,0.435573726,0.09149999999999991,-0.126
82,4,17.4155,0.351573726,0.09149999999999991,-0.08400000000000002
83,4,17.507,0.351573726,0.09149999999999991,0.0
84,4,17.5985,0.351573726,0.09149999999999991,0.0
85,4,17.69,0.351573726,0.09149999999999991,0.0
86,4,17.7815,0.351573726,0.09149999999999991,0.0
87,4,17.873,0.351573726,0.09149999999999991,0.0
88,4,17.9645,0.351573726,0.09149999999999991,0.0
89,4,18.056,0.351573726,0.09149999999999991,0.0
90,4,18.1475,0.351573726,0.09149999999999991,0.0
91,4,18.239,0.351573726,0.09149999999999991,0.0
92,4,18.2756,0.501573726,0.036599999999999966,0.15000000000000008
93,4,18.2024,0.951573726,-0.07319999999999993,0.44999999999999996
94,4,18.1292,1.401573726,-0.07319999999999993,0.45000000000000007
95,4,18.056,1.851573726,-0.07319999999999993,0.44999999999999996
96,4,17.9828,2.301573726,-0.07319999999999993,0.44999999999999996
97,4,17.9096,2.751573726,-0.07319999999999993,0.4500000000000002
98,4,17.8364,3.201573726,-0.07319999999999993,0.44999999999999973
99,4,17.7632,3.651573726,-0.07319999999999993,0.4500000000000002
100,4,17.69,4.101573726,-0.07319999999999993,0.44999999999999973
101,4,17.6168,4.551573726,-0.07319999999999993,0.4500000000000002
102,4,17.5436,5.001573726,-0.07319999999999993,0.4500000000000002
103,4,17.4704,5.451573726,-0.07319999999999993,0.4500000000000002
104,4,17.3972,5.901573726,-0.07319999999999993,0.4499999999999993
105,4,17.324,6.351573726,-0.07319999999999993,0.4500000000000002
106,4,17.2508,6.801573726,-0.07319999999999993,0.4500000000000002
107,4,17.1776,7.251573726,-0.07319999999999993,0.4500000000000002
108,4,17.1044,7.701573726,-0.07320000000000348,0.4500000000000002
109,4,17.0312,8.151573726,-0.07319999999999993,0.4500000000000002
110,4,16.958,8.601573726,-0.07319999999999993,0.4499999999999993
111,4,16.8848,9.051573726,-0.07319999999999993,0.45000000000000107
112,4,16.8116,9.501573726,-0.07319999999999993,0.4499999999999993
113,4,16.7384,9.951573726,-0.07319999999999993,0.4499999999999993
114,4,16.6652,10.40157373,-0.07319999999999993,0.4500000040000014
115,4,16.592,10.85157373,-0.07319999999999993,0.4499999999999993
116,4,16.5188,11.30157373,-0.07319999999999993,0.4499999999999993
117,4,16.4456,11.75157373,-0.07319999999999993,0.45000000000000107
118,4,16.3724,12.20157373,-0.07319999999999993,0.4499999999999993
119,4,16.2992,12.65157373,-0.07319999999999993,0.45000000000000107
1,5,32.574,7.32,0.0,0.0
2,5,33.123,6.69,0.5489999999999995,-0.6299999999999999
3,5,33.672,6.06,0.5489999999999995,-0.6300000000000008
4,5,34.221,5.43,0.5489999999999995,-0.6299999999999999
5,5,34.77,4.8,0.5490000000000066,-0.6299999999999999
6,5,35.5569,4.35,0.7868999999999957,-0.4500000000000002
7,5,36.3438,3.9,0.7869000000000028,-0.44999999999999973
8,5,37.1307,3.45,0.7868999999999957,-0.44999999999999973
9,5,37.9176,3.0,0.7869000000000028,-0.4500000000000002
10,5,38.7045,2.55,0.7869000000000028,-0.4500000000000002
11,5,39.4914,2.1,0.7868999999999957,-0.44999999999999973
12,5,40.2783,1.65,0.7869000000000028,-0.4500000000000002
13,5,41.0652,1.2,0.7868999999999957,-0.44999999999999996
14,5,41.8521,0.75,0.7869000000000028,-0.44999999999999996
15,5,42.639,0.3,0.7869000000000028,-0.45
16,5,41.724,0.66,-0.9150000000000063,0.36000000000000004
17,5,40.809,1.02,-0.9149999999999991,0.36
18,5,39.894,1.38,-0.9149999999999991,0.3599999999999999
19,5,38.979,1.74,-0.9149999999999991,0.3600000000000001
20,5,38.064,2.1,-0.9149999999999991,0.3600000000000001
21,5,37.149,2.46,-0.9149999999999991,0.3599999999999999
22,5,36.234,2.82,-0.9149999999999991,0.3599999999999999
23,5,35.319,3.18,-0.9149999999999991,0.3600000000000003
24,5,34.404,3.54,-0.9149999999999991,0.3599999999999999
25,5,33.489,3.9,-0.9150000000000063,0.3599999999999999
26,5,32.574,4.26,-0.9149999999999991,0.3599999999999999
27,5,31.659,4.62,-0.9149999999999991,0.3600000000000003
28,5,30.744,4.98,-0.9149999999999991,0.3600000000000003
29,5,29.829,5.34,-0.9149999999999991,0.35999999999999943
30,5,28.914,5.7,-0.9149999999999991,0.3600000000000003
31,5,27.999,6.06,-0.9150000000000027,0.35999999999999943
32,5,27.084,6.3,-0.9149999999999991,0.2400000000000002
33,5,26.169,6.3,-0.9149999999999991,0.0
34,5,25.254,6.3,-0.9149999999999991,0.0
35,5,24.339,6.3,-0.9150000000000027,0.0
36,5,23.424,6.3,-0.9149999999999991,0.0
37,5,22.509,6.3,-0.9149999999999991,0.0
38,5,21.594,6.3,-0.9149999999999991,0.0
39,5,20.923,6.3,-0.6710000000000029,0.0
40,5,20.374,6.3,-0.5489999999999995,0.0
41,5,19.825,6.3,-0.5489999999999995,0.0
42,5,19.276,6.3,-0.5489999999999995,0.0
43,5,18.727,6.3,-0.5489999999999995,0.0
44,5,18.178,6.3,-0.5489999999999995,0.0
45,5,17.629,6.3,-0.5489999999999995,0.0
46,5,17.14215257,6.408111418,-0.48684743000000097,0.10811141800000001
47,5,16.69039432,6.724653619,-0.451758250000001,0.31654220099999986
48,5,16.3062854,7.226812053,-0.3841089199999992,0.502158434
49,5,16.01751018,7.878394013,-0.28877522000000155,0.6515819600000006
50,5,15.84488192,8.632437198,-0.17262825999999798,0.7540431849999996
51,5,15.80071676,9.437836793,-0.04416516000000037,0.8053995950000008
52,5,15.66902068,10.22865827,-0.1316960800000011,0.7908214769999997
53,5,15.45217745,10.99058739,-0.2168432299999985,0.7619291199999996
54,5,15.15411203,11.70983286,-0.29806542000000036,0.7192454700000006
55,5,14.78021956,12.37337601,-0.3738924699999995,0.6635431499999989
56,5,14.33726765,12.96920638,-0.44295191000000145,0.5958303699999998
57,5,13.83327395,13.48653916,-0.5039936999999988,0.5173327800000003
58,5,13.27736099,13.91601039,-0.5559129600000006,0.42947123000000076
59,5,12.67959106,14.24984642,-0.5977699300000001,0.3338360300000005
60,5,12.05078408,14.48200467,-0.6288069800000002,0.23215824999999946
61,5,11.40232175,14.60828296,-0.6484623299999992,0.12627829000000013
62,5,10.74594155,14.6263956,-0.656380200000001,0.018112640000000013
63,5,10.09352427,14.53601473,-0.6524172799999999,-0.09038087000000061
64,5,9.456878988,14.3387763,-0.6366452819999999,-0.19723843000000052
65,5,8.847529274,14.03825041,-0.6093497140000004,-0.3005258899999994
66,5,8.276504651,13.63987672,-0.5710246229999996,-0.39837368999999967
67,5,7.754140938,13.15086599,-0.5223637129999998,-0.4890107300000004
68,5,7.289893167,12.58006955,-0.46424777100000014,-0.5707964400000005
69,5,7.051944286,12.41237601,-0.23794888099999945,-0.16769354000000014
70,5,6.759144286,12.52937601,-0.2928000000000006,0.11700000000000088
71,5,6.466344286,12.64637601,-0.2927999999999997,0.1169999999999991
72,5,6.173544286,12.76337601,-0.2927999999999997,0.11700000000000088
73,5,5.880744286,12.88037601,-0.2928000000000006,0.11700000000000088
74,5,5.587944286,12.99737601,-0.2927999999999997,0.1169999999999991
75,5,5.295144286,13.11437601,-0.2927999999999997,0.11700000000000088
76,5,5.331744286,13.18637601,0.036599999999999966,0.07199999999999918
77,5,5.368344286,13.25837601,0.036599999999999966,0.07199999999999918
78,5,5.404944286,13.33037601,0.036599999999999966,0.07200000000000095
79,5,5.441544286,13.40237601,0.036599999999999966,0.07199999999999918
80,5,5.478144286,13.47437601,0.036599999999999966,0.07200000000000095
81,5,5.514744286,13.54637601,0.036599999999999966,0.07199999999999918
82,5,5.551344286,13.61837601,0.036599999999999966,0.07200000000000095
83,5,5.587944286,13.69037601,0.036599999999999966,0.07199999999999918
84,5,5.624544286,13.76237601,0.036599999999999966,0.07200000000000095
85,5,5.661144286,13.83437601,0.036599999999999966,0.07199999999999918
86,5,5.697744286,13.90637601,0.036599999999999966,0.07200000000000095
87,5,5.734344286,13.97837601,0.036599999999999966,0.07199999999999918
88,5,5.770944286,14.05037601,0.036599999999999966,0.07200000000000095
89,5,5.807544286,14.12237601,0.036599999999999966,0.07199999999999918
90,5,5.844144286,14.19437601,0.036599999999999966,0.07199999999999918
91,5,5.880744286,14.26637601,0.036599999999999966,0.07200000000000095
92,5,5.905144286,14.31437601,0.024399999999999977,0.04800000000000004
93,5,5.905144286,14.31437601,0.0,0.0
94,5,5.905144286,14.31437601,0.0,0.0
95,5,5.905144286,14.31437601,0.0,0.0
96,5,5.905144286,14.31437601,0.0,0.0
97,5,5.905144286,14.31437601,0.0,0.0
98,5,5.905144286,14.31437601,0.0,0.0
99,5,5.905144286,14.31437601,0.0,0.0
100,5,5.905144286,14.31437601,0.0,0.0
101,5,5.905144286,14.31437601,0.0,0.0
102,5,5.905144286,14.34437601,0.0,0.02999999999999936
103,5,5.905144286,14.43437601,0.0,0.08999999999999986
104,5,5.905144286,14.52437601,0.0,0.08999999999999986
105,5,5.905144286,14.61437601,0.0,0.09000000000000163
106,5,5.905144286,14.70437601,0.0,0.08999999999999986
107,5,5.905144286,14.79437601,0.0,0.08999999999999986
108,5,5.905144286,14.88437601,0.0,0.08999999999999986
109,5,5.905144286,14.97437601,0.0,0.08999999999999986
110,5,5.905144286,15.06437601,0.0,0.08999999999999986
111,5,5.905144286,15.15437601,0.0,0.08999999999999986
112,5,5.905144286,15.24437601,0.0,0.08999999999999986
113,5,5.905144286,15.33437601,0.0,0.08999999999999986
114,5,5.905144286,15.42437601,0.0,0.08999999999999986
115,5,5.905144286,15.51437601,0.0,0.08999999999999986
116,5,5.905144286,15.60437601,0.0,0.08999999999999986
117,5,5.905144286,15.69437601,0.0,0.08999999999999986
118,5,5.905144286,15.78437601,0.0,0.09000000000000163
119,5,5.905144286,15.87437601,0.0,0.08999999999999986
